AuthorID,Author,Date,Content,Attachments,Reactions
"253974889390800908","ex0tiik","2025-03-15T00:30:32.3500000-05:00","WTS Softcore Phrexia

60x Yellow Beasts 2 :divine: / sets (13 sets)

8x Vivid Vulture 2:divine: / each

IGN: @ExoLOPMana","",""
"195672751271313408","owais_","2025-03-15T00:35:02.4690000-05:00","wts softcore legacy of phrecia:

50x vivid vulture 3 div each
2 quad tabs yellow beasts 20d ea

`@Krayven_ wtb beasts`","",""
"1155192974402142288","screenname_04584","2025-03-15T01:44:17.7490000-05:00","WTS Softcore Legacy of Phrecia

48x Yellow Beasts 1 Divine (4 sets in stock)

IGN: SirSpinnyBoiIII","",""
"211480163140108289","monzer_","2025-03-15T02:19:53.4170000-05:00","WTS Softcore Phrecia

60x yellow beast 1.5 :divine: (2 sets)

ign @reeeem","",""
"195259352221745152","4htj","2025-03-15T03:01:25.8040000-05:00","WTS Softore Phrecia

60x Yellow Beasts = 2 :divine: 

IGN: Phrecia_AzureLS","",""
"478048515621126145","wallaweegie","2025-03-15T03:32:02.5360000-05:00","WTS Softcore ""Legacy of Phrecia""

Yellow beasts 60x -  1div 60c   Stock: 1 set ready

@Reepion WTB Yellow beasts","",""
"509806987073028107","jivo","2025-03-15T03:44:26.0630000-05:00","WTS Softcore Legacy of Phrecia

x60 Yellow beasts 1 :divine: each set (1 sets in stock)
IGN: ```@JiVo Hi, I want to buy Yellow beasts set[]```","",""
"328511087068577793","ahaaxa","2025-03-15T03:57:13.7090000-05:00","WTS Softcore ""Legacy of Phrecia""

20x Craicic Chimera - 0.4 :divine: /ea 
~~6x Vivid Watcher - 1.3 :divine: /ea~~
~~6x Vivid Vulture - 1.5 :divine:/ea~~

IGN: `@Ahaaxa WTB XXX beasts`","",""
"418171285798125578","uchihawind","2025-03-15T04:03:11.2850000-05:00","WTS Softcore Legacy of Phrecia
112  Vivid Vulture                        2   :divine:each
IGN: UchihaWind","",""
"70970923674505216","xxshadow","2025-03-15T05:09:21.3630000-05:00","WTS Softcore Legacy Of Phrecia

60x Yellow beasts - 1.5:divine:  per set ( 24 Set in stock )

IGN - @XxTankyShadow WTB Yellow set","",""
"226873024295600128","turtle6969","2025-03-15T05:19:05.1140000-05:00","~~WTS Softcore Legacy of Phrecia

60x Yellow beasts  1 :divine:  (stock 10 sets)


IGN: Ultimateturtle~~","",""
"233008924779872257","hallohihi","2025-03-15T05:42:44.1240000-05:00","WTS Softcore ""Legacy of Phrecia""
 Stock    Beast Name             Price
67       Vivid Watcher           1.2:divine:
398  Craicic Chimeral      2/1:divine:
122      Wild Hellion Alpha  3/1:divine:
140      Wild Brambleback  4/1:divine:
110      Wild Bristle Matron 0.5:divine:
IGN : HecklingPhrecia","",""
"968205339059175444","iitzpktime","2025-03-15T05:44:21.5240000-05:00","WTS Softcore Legacy of Phrecia
--------------------------------------------------------
🐅 60x Yellow Beasts -  1.5 :divine:/Set (7 Sets)
--------------------------------------------------------
IGN: HolyPK","",""
"524143112126201856","tokarz","2025-03-15T06:56:35.9810000-05:00","WTS Softcore Legacy of Phrecia

65 x Wild Bristle Matron = 0.5 :divine: each
32  x ViVid watcher = 1.3 :divine: each
0 x Wild Hellion Alpha - 0.3 :divine:  each
80 x Wild Brambleback = 0.2 :divine: each

IGN: @I_Care_Coldaf","",""
"291630289875107840","leemer91","2025-03-15T07:04:58.9290000-05:00","WTS Softcore ""Legacy of Phrecia""

x3 Vivid Vulture - 1.4 :divine: /ea
~~x4 Vivid Watcher - 1.4 :divine: /ea~~
x16 Wild Bristle Matron - 0.5 :divine: /ea
~~x6 Wild Hellion Alpha - 50 :chaos: /ea~~

ign: LeemerBlasts","",""
"341310927448309760","karolek","2025-03-15T07:23:26.0030000-05:00","WTS Softcore

167x Craicic Chimeral 0.5 :divine: each

IGN Zienu","",""
"442561140871004187","renkophysics","2025-03-15T08:42:15.0220000-05:00","~~WTS Softcore Phrecia
60x yellow beasts = 1.5 div/set
have 3 sets ready, all for 4div
IGN: pipizw~~","",""
"439128972614172684","hisyamdouka","2025-03-15T09:12:27.9000000-05:00","WTS Softcore ""Legacy of Phrecia""
60x Yellow Beast - 1.4:divine: per set   ( Stock :  4 set )

IGN: AhSudahlah","",""
"892764505803722822","woodka9438","2025-03-15T09:26:08.4360000-05:00","WTS Softcore ""Legacy of Phrecia""
100x Craicic Chimera - 0.5:divine: /ea 

IGN: @Woodkarka","",""
"231096100071669772","andrei6704","2025-03-15T11:02:22.2810000-05:00","WTS Softcore ""Legacy of Phrecia""
------
Yellow Beasts 60 x - 1.5 :divine: //     (4 sets)
-----
@Dudai","",""
"421270514049220610","balboa8599","2025-03-15T11:07:12.8480000-05:00","WTS Softcore Legacy of Phrecia
2x Vivid Vulture 1.7 div / ea
3x Vivid Watcher 1.4div / ea
IGN : @pipipihex","",""
"914484126185300028","sincerehg1","2025-03-15T12:02:56.0570000-05:00","WTS Softcore Legacy of Phrecia

60x yellow beasts-1.5:divine:  (stock: 3 sets)
IGN:Phrecia_Hao","",""
"486516112612261889","ruizai","2025-03-15T12:07:35.5910000-05:00","WTS Softcore Legacy of Phrecia

8x Vivid Vulture = 1.7 :divine: each
IGN:@Phrecia_RuiZai","",""
"137729823073239040","bigangryhobo","2025-03-15T13:43:00.5010000-05:00","~~WTS Softcore (Phrecia)

X16 Wild Bramblebacks 0.3 :divine: each (selling in sets of 4)

IGN: @PhreciaPeas~~","",""
"1322765324331909211","cute_wolf_42508","2025-03-15T14:58:44.3240000-05:00","WTS Softcore ""Legacy of Phrecia""
===========
60x Yellow Beast --> 1.5 :divine:  (stock: 180 )
===============
IGN: @Atayotto","",""
"884492882940137563","hattiapa","2025-03-15T15:18:58.5280000-05:00","WTS Softcore Legacy of Phrecia
x29 Wild Bristle Matron   0.6 :divine: each
x23  Wild Brambleback   0.3 :divine: each
IGN: Hatrun","",""
"393420706693513218","bedwyir","2025-03-15T15:37:42.5220000-05:00","WTS Softcore Phrecia

x60 Yellow Beasts - 1:divine:  - STOCK: 8

IGN: @Tablix_Lu_ASA","",""
"108679466229739520","borpo_","2025-03-15T15:49:06.2200000-05:00","WTS Softcore (Phrecia)
Yellow Beast 60x Set - 1.5 :divine: (Stock: 17 sets)

Still have? ✅ 
IGN: CBT
```@CBT Hi, I'd like to buy bulk yellow beasts - # sets.```","",""
"804540541084893204","thedoktorb","2025-03-15T16:08:35.9300000-05:00","WTS Softcore Legacy of Phrecia

34x   Vivid Vulture -     2 :divine:    each

IGN  AnotherShadowBoi","",""
"498400025236471808","shengdeluo","2025-03-15T16:58:34.9020000-05:00","WTS Softcore Legacy of Phrecia

~~x24 Vivid Vulture -   1.8 :divine:each~~
x2 Vivid Watcher - 1.4 :divine:each
x4 Wild Hellion Alpha - 45  :chaos:each
x16 Wild Bristle Matron - 95 :chaos:each
x17 Wild Brambleback - 30 :chaos:each
x107 Craicic Chimeral - 0.3 :divine: each
x5 Craiceann, First of the Deep - 30 :chaos: each

IGN: @Babylonian","",""
"1051951805090779236","bliyu.poe","2025-03-15T17:20:53.8960000-05:00","WTS Softcore Legacy of Phrecia

~~8x Craicic Chimeral - 50 :chaos: each~~

~~IGN: HandBananaForTheLord~~","",""
"162546045799235584","liminier","2025-03-15T17:34:56.9340000-05:00","WTS Softcore ""Legacy of Phrecia""
60x Yellow Beasts :  1.4 :divine:  /set (10 sets available)
IGN : @Surfinier","",""
"817606490604830720","sop_123","2025-03-15T18:14:00.3890000-05:00","WTS Softcore Legacy of Phrecia

~~48x    Vivid Vulture                1.8    each~~

IGN  Plscome","",""
"271328561850351616","serioux","2025-03-15T19:09:37.3210000-05:00","WTS Softcore Phrecia

Black Mórrigan - 0.7 :divine: each (Stock: 21)
Craicic Chimeral - 0.4 :divine: each (Stock: 174)
Wild Bristle Matron - 0.5 :divine: each (Stock: 4)
Wild Brambleback - 0.2 :divine: each (Stock: 6)

@TekanneKraeuter","",""
"694728428733071431","count_drakan","2025-03-15T19:20:13.2130000-05:00","WTS Softcore Legacy of Phrecia
Yellow Beasts x60  - 1 Div + 60c

IGN: @Kornifer","",""
"286638296438669322","melojunior","2025-03-15T21:20:32.9240000-05:00","WTS Softcore Legacy of Phrecia

~~60x Yellow beasts : 1.3 :divine:   per set (4 sets)~~

IGN:  @SemArcoooo","",""
"231661135865053184","hhyox","2025-03-15T21:25:07.8400000-05:00","~~WTS Softcore Legacy of Phrecia

60x Yellow beasts : 1.5 :divine: 

IGN:  @마음은열아홉~~","",""
"615265640693104671","zensho1112","2025-03-15T22:00:11.5770000-05:00","WTS Softcore Phrecia
x112 Vivid Vulture - 1.8div/ea (200 div all
IGN:@Vangloom_Phrecia","",""
"147559782981566464","evilscypher","2025-03-15T22:29:49.8960000-05:00","WTS Softcore Phrecia

x60 Yellow Beasts - 1.5 :divine: - STOCK: 8

IGN: @ ScyPhy","",""
"558609993960783892","vaeryn2","2025-03-16T02:16:37.0640000-05:00","WTS Softcore Legacy of Phrecia

x48 Wild Hellion Alpha - 0.5 Div /ea

IGN: @Shankhermazzy","",""
"745347495671890075","yang07048","2025-03-16T03:18:09.0210000-05:00","WTS Softcore Legacy of Phrecia

Yellow beasts x60 - 1.5 :divine:/set  Stock: 4

IGN: @Ilikemycoffeeblack","",""
"340065135261515789","sherwin7777","2025-03-16T05:00:54.1980000-05:00","WTS Softcore Phrecia
====================
~~60x    Yellow beasts -1.5 :divine:    each /set  (2 sets left)~~
8x      Craicic Chimeral    0.3:divine: /each
~~4x      Wild Hellion Alpha 0.4:divine: /each~~
4x      Black Morrigan       0.7 :divine: / each
====================
IGN:  @Phrecia_Ragdollll Hi, WTB your beasts","",""
"493742363542290432","eugene.nz","2025-03-16T06:08:18.2850000-05:00","WTS Softcore Phrecia

x60 Yellow Beasts - 3 :divine: / 2 sets (have 10 sets)

IGN: `@TheBiggiePhrecia`","",""
"294078587571798016","kimek0","2025-03-16T07:42:43.3910000-05:00","WTS Softcore Legacy of Phrecia

6x Vivid Vulture 1.7  :divine:  each
8x Vivid Watcher 1.5  :divine:  each
16x Wild Bristle Matron 0.6  :divine:  each
1x Wild Hellion Alpha 0.4  :divine:  each
8x  Wild Brambleblack 0.3  :divine:  each

IGN: @LegacyOfKim","",""
"136903384400789504","retnom","2025-03-16T09:17:47.2740000-05:00","WTS Softcore Legacy of Phrecia

60x Yellow Beasts-1.3 :divine:  (stock: 4 sets) 

IGN: @lokmojster
Sold!","",""
"1152162126673223711","enemy0979","2025-03-16T09:41:45.9900000-05:00","WTS Softcore ""Legacy of Phrecia""

~~64x Black Morrigan - 0,65:divine: /ea~~

IGN: @shiyouqing","",""
"201057344749043713","renzog","2025-03-16T09:58:48.6690000-05:00","WTS Softcore

1.5 :divine: per 60 yellow Beasts (19 sets)

SOLD","",""
"105996096341327872","rave_96","2025-03-16T10:02:45.5790000-05:00","WTS Softcore Legacy of Phrecia:

Yellow Beasts - 60 x - 1.5 :divine: (3 sets)

IGN: @sadpanda_png","",""
"287916663662444544","nickwee.","2025-03-16T10:09:33.7590000-05:00","WTS Softcore Legacy of Phrecia
=================================================================================
60x Yellow beast for 1.4 :divine: (3 set)
=================================================================================
IGN: @Phrecia_LS_Proh   WTB Beasts","",""
"353974790207307776","kukabara.","2025-03-16T10:09:50.6160000-05:00","WTS Softcore Legacy of Phrecia:

Yellow Beasts - 60 for 1.4 :divine: / 8 set(s)

IGN: Army_DOT","",""
"314937847243210763","junior_8566","2025-03-16T10:10:41.5670000-05:00","WTS Softcore Legacy of Phrecia:

Yellow Beasts - 60 for 1.5 :divine: / 13 set(s)

IGN: psvalzeta","",""
"1339775621928058963","0399893622","2025-03-16T10:11:14.2820000-05:00","WTS Softcore Legacy of Phrecia

x50  Vivid Watcher - 1.6 :divine: each
~~x150 +  Craicic Chimeral - 0.4 :divine:~~
~~x30 Black Morrigan - 0.7 :divine: each~~
min 10 plz
IGN: buonbuon","",""
"906076956615901205","jamhajamha","2025-03-16T10:11:56.5260000-05:00","WTS Softcore Legacy of Phrecia
x70 Vivid Vulture -  2:divine:  each
x18 Vivid Watcher -  1.5:divine:  each
x36 Craicic Chimeral - 0.4:divine:  each
x58 Black Morrigan -  0.7:divine:  each
IGN: @잼폭지","",""
"190783794586845184","jofkingnerd","2025-03-16T10:51:36.1870000-05:00","WTS Softcore Phrecia

x18 Vivid Vulture  - 1.8 :divine:each (have some 20-30-40% do not consume for free included if u buy all )

IGN: @jofspank","",""
"645258363734720563","saitosan7530","2025-03-16T11:51:33.2620000-05:00","WTS Softcore Legacy of Phrecia
x80 Vivid Vulture - 2.8:divine: /ea
x90 Vivid Watcher - 2.8:divine: /ea
x120 Wild Bristle Matron - 0.9:divine: /ea
x300 Black Morrigan - 1:divine: /ea
x200 Wild Hellion Alpha - 0.8:divine: /ea
x200 Craicic Chimeral - 0.8:divine: /ea
x140 Wild Brambleback - 0.7 :divine:ea

IGN: @IDoRanger","",""
"369511405956759554","klashko","2025-03-16T12:21:50.3820000-05:00","WTS Softcore Legacy of Phrecia
x12 Vivid Vulture - 2 :divine: /ea

IGN: klashko_surfer","",""
"565897298018566144",".mr.nub","2025-03-16T14:04:13.0510000-05:00","WTS Softcore Legacy of Phrecia

60x Yellow Beasts (set) -  1 :divine: / set (stock:10)

IGN : @VictimOfEDP","",""
"230162595179397120","shfiender","2025-03-16T14:40:22.2950000-05:00","WTS Softcore Legacy of Phrecia

60X Yellow Bests (set) 1.5 :divine: / set (Stock: 11 sets)

IGN: @Beat_Jared","",""
"221336432021733376","kotago","2025-03-16T15:27:29.2010000-05:00","~~WTS Softcore Legacy of Phrecia~~

~~60x Yellow (set) -  1 :divine:/ set (stock: 5 sets )~~

~~IGN: RFeningAgain~~","",""
"227463990609969152","liesel8753","2025-03-16T15:28:32.7200000-05:00","WTS Softcore Legacy of Phrecia
~~Yellow Beasts 60 x - 1.5 :divine:  (13 sets left)~~
get them before they're gone!
IGN: DiddiesOilSupplier","",""
"313929770981392384","guthiiccs","2025-03-16T15:32:20.8040000-05:00","WTS Softcore Phrecia

60x Yellow Beasts | 1.5:divine: / set (4 sets), Buy all get 24 beasts free.

IGN: @Guthy","",""
"622792272177790998","arbeitarczi","2025-03-16T15:47:44.4610000-05:00","WTS Softcore Legacy of Phrecia

*~~23x Vivid Vulture - 2:divine: each
4x Vivid Watcher - 1.5:divine: each~~*
14x Craicic Chimeral - 50:chaos: each

IGN: @Arczi_Zadymiarz","",""
"221340447409307659",".ornedan","2025-03-16T16:24:00.0380000-05:00","WTS Softcore Legacy of Phrecia
60x Yellow Beasts - 220 :chaos:  / set (stock: 6 sets)
IGN: @lowercaseling","",""
"358392873949069324","whyproblemmake","2025-03-16T17:44:26.5740000-05:00","WTS Softcore Legacy of Phrecia

60x Yellow Beasts - 1.5 :divine: 

2 sets ready, more available as needed

IGN: LetsGet_Phreaky","",""
"434460211416268803","ricklessmorty_","2025-03-16T18:19:55.5310000-05:00","WTS Softcore Legacy of Phrecia

~~x20 Vivid Vulture -   2 :divine:each~~
~~x10 Vivid Watcher - 1.3 :divine:each~~
~~x10 Wild Hellion Alpha -60  :chaos: each~~
x6 Wild Bristle Matron - 0.6:divine:each
x14 Black Morrigan - 110 :chaos: each
x67 Craicic Chimeral - 60 :chaos:   each
IGN: AbároltSzalonna","",""
"259402356259553280","kralmertcan","2025-03-16T19:27:26.1480000-05:00","WTS Softcore ""Legacy of Phrecia""

12x Vivid Watcher 1.5 :divine: each
20x Black Morrigan 0.8 :divine: each
22x Craicic Chimeral 0.4 :divine: each


IGN: @Asdy_MC","",""
"585029032630943754","van_sma","2025-03-16T20:02:31.0290000-05:00","WTS Softcore Settlers
IGN: @ARMST_Van (PM if offline)

x2 Vivid Vulture  - 4 :divine: each
x1 Vivid Watcher - 2 :divine: each
x1 Craicic Chimeral - 2 :divine:each","",""
"107949210988445696","thurlow","2025-03-16T20:15:32.5360000-05:00","WTS Softcore Phrecia
40x Vivid vulture - 2.3d each
IGN: @Thurloid","",""
"906076956615901205","jamhajamha","2025-03-16T20:25:15.2210000-05:00","WTS Softcore Legacy of Phrecia
 Stock    Beast Name             Price
70      Vivid Vulture                 1.8 :divine: 
36      Craicic Chimeral         0.4 :divine:
58      Black Morrigan            0.7 :divine:
18       Vivid Watcher              1.5  :divine: 
IGN : @잼폭지
Whisper me ingame","",""
"323876631196467202","vyajen","2025-03-16T22:16:53.1060000-05:00","WTS Softcore Legacy of Phrecia
=================================================================================
60x Yellow beast for 1,5 :divine: (7 set)
=================================================================================
IGN: @Sekach  _   WTB Beasts","",""
"246149908552220682","deaze_nz","2025-03-16T22:54:34.5040000-05:00","WTS Softcore 

~~60 Yellow - 3 :divine: for 2 Sets~~

4 x Vivid Vulture - 2.1 :divine: ea

IGN : FarquitPhreciaOne","",""
"142339293644324864",".primz","2025-03-17T02:09:53.6830000-05:00","WTS Softcore Phrecia

x60 Yellow Beasts - 1.5 :divine:  (9 sets)

IGN: @ELPRIMZITOOOOOOOOOOOOO","",""
"334780521823469570","treexter","2025-03-17T03:24:56.0920000-05:00","WTS Softcore

Yellow beasts 60x - 1.5 :divine:  (2 sets)

IGN: `@CEPBEPOK wtb yell beasts`","",""
"310951139661185025","hognat","2025-03-17T03:45:56.3940000-05:00","WTS Softcore Phrecia

50 x Craicic Chimeral ----  0.4 :divine:  / each 
50 x Black Morrigan ---- 0.8 :divine: / each
ign : SimpletonforGGG","",""
"1006082905870700584","anotherrandomuser3906","2025-03-17T05:08:54.7600000-05:00","WTS Softcore Legacy of Phrecia

89x Craicic Chimeral: 0.3:divine:/each
13x Vivid Vulture: 2.3:divine:/each
4x Wild Hellion Alpha: 0.4:divine:/each
14x Wild Bristle Matron: 0.5:divine:/each
7x Black Morrigan: 0.6:divine:/each

IGN: @PancraElCiego","",""
"218778464981876736","social.role","2025-03-17T06:05:23.1390000-05:00","WTS Softcore Legacy Of Phrecia

Yellow Beasts 60 x 1.4 :divine: each set  (stock: 10 sets)

IGN: @IamsoDepressed","",""
"333291041547354112","mudinho3185","2025-03-17T06:38:31.3340000-05:00","WTS Softcore Legacy of Phrecia

60x Yellow Beasts (set) - 1.5 :divine: each  -  (1 sets left)

IGN: @slaERREIaCONTAanterior","",""
"165458480042475520","jamess3619","2025-03-17T06:48:19.9210000-05:00","WTS Softcore ""Legacy of Phrecia""
60x Yellow Beast - 1.5:divine: per set   ( Stock : 16 set )

IGN:  AURASTACKBUTWORSE","",""
"327973919284002817","flognervrau","2025-03-17T09:54:44.5940000-05:00","WTS Softcore 

Yellow Beasts 60 x 1.5 :divine: each set  (stock: 2 sets)

IGN: @PlsDontCry","",""
"176912079171747849","blade_67","2025-03-17T10:01:38.5130000-05:00","WTS Softcore Phrecia
x63 black morrigans = 0.8 :divine: each
x108 vivid vultures = 2.5 :divine: each
x12 vivid watchers = 1.5 :divine: each
x214 craicic chimerals = 1/3 :divine: each
x52 wild hellion alphas = 1/2 :divine: each

IGN: peter_time","",""
"211803430321258496","kasquer","2025-03-17T10:32:38.8770000-05:00","WTS Softcore

1500x  Craicic Chimeral   -   0.4 :divine: / each

IGN:  Kasquer","",""
"350688006094454794","dubsteq","2025-03-17T11:44:35.6950000-05:00","WTS Softcore Phrecia

x60 Yellow Beasts - 1.5:divine: - STOCK: 12

IGN: DubLS","",""
"538186408117141524","skeletonkweng","2025-03-17T11:51:00.5200000-05:00","WTS Softcore Legacy of Phrecia

14x Wild Bristle Matron - 0.4 :divine: ea

IGN: @AWAWARUNNER","",""
"492659419465646092","phoenixscale","2025-03-17T14:35:51.6900000-05:00","WTS Softcore Phrecia
IGN: Phoenix_TimeToEndure

33x Wild Bristle Matron - 0.6 :divine: each
60x Black Mórrigan - 0.8 :divine: each
22x Craicic Chimeral - 0.4 :divine: each
16x Wild Brambleback - 0.3 :divine: each
24x Vivid Watcher - 1.5 :divine: each","",""
"963339399330947072","heyaobaobao","2025-03-17T15:06:33.6030000-05:00","WTS Softcore Legacy of Phrecia
x100 Vivid Vulture - 2.3 :divine: /ea
x12 Vivid Watcher - 1.5 :divine: /ea
x99 Black Morrigan - 0.8 :divine: /ea
x70 Wild Bristle Matron - 0.6 :divine: /ea
x127 Craicic Chimeral - 0.4 :divine: /ea
IGN: @闪回钓鱼老","",""
"264480862991679512","larv.","2025-03-17T16:36:52.0910000-05:00","WTS Softcore Phrecia
x83 Vivid Vulture - 2.1 :divine: /ea
x64 Wild Bristle Matron - 0.6 :divine: /ea
x79 Wild Brambleback - 0.3 :divine: /ea
x74 Wild Helion Alpha - 0.5 :divine: /ea
IGN: RandkowiczSolowy","",""
"346059473191960586","renanbertoldo","2025-03-17T16:37:08.9660000-05:00","WTS Softcore Legacy of Phrecia

60x Yellow Beast - 1.5:divine:  per set (Stock: 2) 

IGN:@Raaam_DU","",""
"225393890864136202","campwater","2025-03-17T16:39:15.4960000-05:00","WTS Softcore Phrecia

x166 Charicic Chimerals 3 per :divine:

IGN:campwaters","",""
"565231730844499979","deathriccon","2025-03-17T17:00:27.3740000-05:00","WTS Softcore Phrecia
x6 Wild Hellion Alpha - 0.5 :divine: /ea
x9 Wild Brambleback - 0.4 :divine:ea
x8 Vivid Vulture - 2.2 :divine:ea
@peshogaming or mgs discord","",""
"135664779883839488","spork1.0","2025-03-17T17:31:55.7920000-05:00","WTS Softcore ""Legacy of Phrecia""

`00   Vivid Vulture                 `-  SOLD
`33   Vivid Watcher                 `-  1.5  :divine:   each
`19   Wild Brambleback              `-  55  :chaos:   each
`39   Wild Bristle Matron           `-  0.6 :divine:   each
`23   Hellion Alpha                 `-  0.5 :divine:   each

IGN : @SporkWhisperer","",""
"198439839341871104","xkthemaster","2025-03-17T18:10:43.0960000-05:00","WTS Softcore
IGN : **@DNakkLeVaar**

Yellow Beasts - 60 = **1.3 :divine:** - STOCK: 5 sets","",""
"452865928280145942","marchiodolor","2025-03-17T18:12:57.8600000-05:00","WTS Softcore Legacy of Phrecia 
146x Craicic Chimeral – 0.4 div each
IGN : @Othkimeth_the_Conqueror","",""
"156432616935915521","zeneto_morais","2025-03-17T18:27:06.3280000-05:00","WTS Softcore Phrecia
3x Wild Brambleback   ---- 0.3 :divine:  / each
12 x Wild Bristle Matron ---- 0.5 :divine: / each
1 x Vivid Vulture ---- 2 :divine: / each
IGN : ZenetinhoGearFive","",""
"374121545578315776","bi45680","2025-03-17T19:20:48.4580000-05:00","WTS Softcore Phrecia

**Black Mórrigan** - 0.7 :divine: each (Stock: 17)

```@SurfyTanuki WTB Beasts```","",""
"534049395717701664","kokotko23_","2025-03-17T19:53:26.9540000-05:00","WTS Softcore ""Legacy of Phrecia""
60x yellow beasts- 1.1 :divine: (stock 4)
IGN:slapotka","",""
"548490585762299906","cepirahighwizard","2025-03-17T20:18:24.9620000-05:00","WTS Softcore ""Legacy of Phrecia""


60x Yellow beasts - 1.2   :divine: each (stock 16)
 
IGN: @Spider_Caveira_BR","",""
"516599612052865024","zakk3480","2025-03-17T22:55:33.0150000-05:00","WTS Softcore Phrecia

Black Mórrigan - 0.7 :divine: each (Stock: 3)

Craicic Chimeral - 0.4 :divine: each (Stock: 147)

Wild Hellion Alpha - 0.5 :divine: each (Stock: 12)

Wild Bristle Matron - 0.6 :divine: each (Stock: 22)

Wild Brambleback - 0.3 :divine: each (Stock: 13)

Vivid Vulture - 2.2 :divine: each (Stock: 48)

Fenumal Plagued Arachnid - 14 :chaos:  each (Stock: 112)

@doo_AA","",""
"356066677311668224","beanwu","2025-03-17T23:31:33.5580000-05:00","WTS Softcore Legacy of Phrecia

x240 Wild Brambleback - 49 :chaos: 
x240 Wild Hellion Alpha - 78 :chaos: 
x240 Wild Bristle Matron - 78 :chaos: 

IGN : CragocintipqWitch","",""
"261785785081004033","xirav","2025-03-17T23:51:49.7110000-05:00","WTS Softcore Legacy of Phrecia
x85 Vivid Watcher - 1.5 :divine: /ea
x100 Wild Bristle Matron - 0.5 :divine: /ea
x100 Wild Hellion Alpha - 0.5 :divine: /ea

IGN: @BeastsForever","",""
"394103296039583744","califo123_","2025-03-17T23:56:08.2410000-05:00","WTS Softcore ""Legacy of Phrecia""
------
Yellow Beasts  - 1 :divine: per 60 (10set)

IGN:@IG_Phrecia WTB Beasts","",""
"505648966290112513","ryanhuang1124","2025-03-18T00:35:18.4100000-05:00","WTS Softcore Phrecia

60x yellow beasts 1 :divine: (1 sets)

IGN: @遛狗失敗只好遛人","",""
"1128314791472136298",".pailu","2025-03-18T01:06:37.9400000-05:00","WTS Softcore ""Legacy of Phrecia""

🟡 Yellow beasts 60x -  1.5 :divine:   Stock:9 sets

IGN: ```@LAFesen_Aygnarlar WTB Yellow beasts```","",""
"209831585892139009","lautaferrero","2025-03-18T01:22:21.0500000-05:00","WTS Softcore Legacy of Phrecia
x86 Vivid Vulture - 2.4 :divine: /ea
x27 Vivid Watcher - 1.5 :divine: /ea
x8 Wild Bristle Matron - 0.5 :divine: /ea
x78 Wild Brambleback - 0.33 :divine:ea
~~x35 Wild Hellion Alpha - 0.5 :divine: /ea~~

IGN: @CptImpotent","",""
"288391067563458560","jasc.","2025-03-18T01:36:23.1240000-05:00","WTS Softcore Legacy of Phrecia

60x Yellow beast for 1 :divine: (4 sets)

IGN: `@Jasc_____   WTB Beasts`","",""
"223307487867174913","troket","2025-03-18T01:37:54.6550000-05:00","~~WTS Softcore Legacy of Phrecia

x24 Vivid Vulture - 2.2:divine: /ea

IGN:TROKETxxx~~","",""
"696987335526580255","monkipureiya","2025-03-18T02:20:29.9400000-05:00","WTS Softcore ""Legacy of Phrecia""

Craicic chimeral x20  0.4 :divine:/each

IGN: @CO_GO","",""
"536019449279545344","godszn_","2025-03-18T03:31:33.6920000-05:00","WTS Softcore Phrecia 18 x Vivid Vulture ---- 2. :divine: / each
IGN : Indimannnn","",""
"386090752943325194","ddqqww","2025-03-18T04:49:51.7350000-05:00","WTS Softcore Legacy of Phrecia 

x47 Vivid Vulture -   2.2 :divine:each
x46 Vivid Watcher - 1.4 :divine:each
x41 Wild Hellion Alpha - 0.4 :divine:each
x30 Wild Brambleback - 0.2 :divine:each
x35 Wild Bristle Matron - 0.5 :divine:each

ING: @KB_ru","",""
"677830622059692043","rafinha_mekketref","2025-03-18T06:15:53.0810000-05:00","WTS Softcore ""Legacy of Phrecia""

:surprisedPika: 60xYellow beasts – 1 :divine:   (stock: 12 sets)

IGN: @Mekke_Berserker","",""
"139119675870019585","iwakeupjustforu","2025-03-18T06:36:17.2820000-05:00","WTS Softcore Legacy Of Phrecia

60 x Yellow Beasts - 1 :divine: (Stock : 5)

IGN: @AVeryNotChillGuy","",""
"507089531808514048","peruzzi101","2025-03-18T06:37:23.4740000-05:00","WTS Softcore Legacy Of Phrecia

60 x Yellow Beasts - 1 :divine: (stock 2)

IGN: Guidomolester","",""
"318137610943856650","seaskiy","2025-03-18T07:10:51.5280000-05:00","WTS Softcore Legacy of Phrecia

**ONLY BULK TRADE** (except for Brambleback)

x6 **Vivid Vulture **                - 2.1d  (12.6 :divine: all)
x18 **Wild Bristle Matron**  - 0.4d (7.2 :divine: all)
x48 **Wild Brambleback**    - 0.3d (14.4 :divine: all)
~~x18 **Wild Hellion Alpha**    - 0.4d  (7.2 :divine: all)~~
x2 **Vivid Watcher**               - 1.5d  (3 :divine: all)

IGN: **@Kringe_Wilson **","",""
"297628407242686465","serejko0","2025-03-18T08:28:47.6800000-05:00","WTS Softcore Legacy of Phrecia

60x Yellow  - 1,5 div (last set)
 
IGN : saix","",""
"287916663662444544","nickwee.","2025-03-18T09:46:35.3300000-05:00","WTS Softcore Phrecia

x2 Vivid Vulture - 2 :divine: /each
x7 Vivid Watcher - 1.5 :divine:/each
x10 Wild Bristle Matron - 0.5 :divine: /each

IGN: @phrecia_LS_proh WTB Beast","",""
"267986146024357889","coco7717","2025-03-18T10:06:49.2680000-05:00","WTS Softcore Legacy of Phrecia 

x12 Vivid Vulture -   1.9d / each
x8 Vivid Watcher - 1.4d/each
x16 Craicic Chimeral - 0.3 d/each","",""
"212534014697799680","jpthedekatin","2025-03-18T10:29:58.1730000-05:00","WTS Softcore Legacy of Phrecia
210 vivid vulture 2.5D
IGN:poeoneisgood","",""
"344237880639750146","6atape9iii","2025-03-18T10:40:52.8470000-05:00","WTS Softcore ""Legacy of Phrecia""

32      Vivid Vulture            2 :divine: each 

ign: SSSSSrrrssssssss","",""
"219123137999142912","chambiq","2025-03-18T10:46:38.0000000-05:00","WTS Softcore Legacy of Phrecia

x8 Vivid Vulture - 2 :divine: /ea
x6 Vivid Watcher - 1.5 :divine: /ea
x6 Wild Bristle Matron - 0.5 :divine: /ea
x3 Wild Brambleback - 0.3 :divine:ea
x8 Wild Hellion Alpha - 0.4 :divine: /ea
x60 Yellow beasts - 1.5 :divine: (stock: 4 sets)

IGN:@Svinotryaska","",""
"291038202695778304","omnijota","2025-03-18T11:06:41.1270000-05:00","WTS Softcore ""Legacy of Phrecia""

:surprisedPika: 60xYellow beasts – 1 :divine:   (stock: 2 sets)

IGN: @NãooSeiDirigir","",""
"1073512347068538950","joyful_mango_50566","2025-03-18T11:44:20.0580000-05:00","WTS Softcore Phrecia
----------------------------------------------

x300+   Craicic Chimeral ----  0.3 :divine:  / each
x1     Black Morrigan ---- 0.6 :divine: / each 
x1     Vivid Watcher  ----  1.5 :divine: / each
x30     Vivid Vulture ---- 2 :divine: / each

----------------------------------------------
IGN : EvenHayVCL","",""
"882344627808645190","abcdefghijk7652","2025-03-18T11:51:11.6130000-05:00","WTS Softcore Legacy of Phrecia

60x Yellow Beast - 1.5:divine: per set   (Stock: 2 sets)

IGN:  @Nero_brb","",""
"367665657245859841","rafaelrdp","2025-03-18T11:58:02.3350000-05:00","WTS Softcore ""Legacy of Phrecia""

~~60x :surprisedPika:  Yellow Beast - 1.3 :divine:  per set ( stock: 3 set)~~

IGN:  Sunzinhox wtb yellow beast","",""
"1073893758782939146","d20artificer","2025-03-18T12:21:42.1970000-05:00","WTS Softcore Legacy of Phrecia

x6 Wild Bristle Matron - 0.4 :divine: each

IGN: @AlmsForTheDead","",""
"294724955000537089","xyligan__","2025-03-18T12:47:51.5150000-05:00","WTS Softcore Phrecia

~~x82 Vivid Vulture = 1.8 :divine:  / each ~~
~~x28 Vivid Watcher = 1.4 :divine:  / each ~~
~~x74 Craicic Chimeral =  0,3 :divine:  / each ~~
~~x13 Black Mórrigan = 0.6 :divine:  / each ~~
~~x58 Wild Brambleback = 0. 3 :divine:  / each ~~
~~x24 Wild Bristle Matron = 0.5 :divine:  / each ~~
~~x24 Wild Hellion Alpha = 0.5 :divine:  / each ~~
x24 Wild Bristle Matron = 0.5 :divine:  / each 
x136 Fenumal Plagued Arachnid = 1 :divine:/20

IGN: @ABOYOUDNA","",""
"282952362979753985","unique_lord","2025-03-18T12:54:03.6850000-05:00","WTS Softcore Legacy of Phrecia

106x Craicic Chimeral - 0.3 :divine: each
32 x Black Morrigan - 0.7 :divine: each
8x Vivid Vulture - 2 :divine: each
19x Wild Brambleback - 0.3 :divine: each
6 x Wild Bristle Matron - 0.5 :divine: each

IGN:
```
@UniqueLord WTB [] !
```","",""
"161142915131768832","kashakesh","2025-03-18T13:07:38.7220000-05:00","WTS Softcore Legacy of Phrecia

x 50 Vivid Vulture -   1.9 :divine:each
x 4 Black Morrigan - 0.7 :divine: each

IGN: kOuOsh","",""
"277888284204597248","nakedscmo","2025-03-18T13:45:51.9830000-05:00","WTS SOFTCORE Legacy of Phrecia
60x Yellow Beasts 1.25:divine:/set (6 sets ready) 

IGN: @BlindLSBoy","",""
"353974790207307776","kukabara.","2025-03-18T15:56:04.1800000-05:00","WTS Softcore Legacy of Phrecia:

Yellow Beasts - 60 for 1.5 :divine: / 7 set(s)

IGN: ER_EFFIN","",""
"270983306068099072","infairium","2025-03-18T17:24:23.8590000-05:00","WTS Softcore ""Legacy of Phrecia""

:surprisedPika: 60xYellow beasts – 1.5 :divine:   (stock: 29 sets)

`IGN: @infairiumShadowLoP`","",""
"771906457267863572","avocado1182","2025-03-18T17:24:57.5760000-05:00","WTS Softcore Phrecia

60 x Yellow Beast - 1.2 :divine:  each ( 8 sets )

IGN: ``_KongManWai_Vivian_``","",""
"538849005606535178","madruguinha1986","2025-03-18T18:00:44.8900000-05:00","WTS Softcore ""Legacy of Phrecia""

60 Yellow Beasts - 1.3 :divine: per set (Stock: 3 sets)

IGN:  @SungEspadachim","",""
"227848429047382034","exaltador","2025-03-18T18:28:55.0610000-05:00","WTS Softcore Legacy of Phrecia
x60 yellow beast sets - 1.2 :divine: /ea (Stock: 11 sets)

IGN: @Khalistria","",""
"451043365077778437","rqdotoxd","2025-03-18T18:56:38.3780000-05:00","WTS Softcore Legacy of Phrecia
x9 Vivid Vulture - 2:divine:/ea
x107 Craicic Chimeral - 0.4:divine:/ea
x18 Vivid Watcher - 1.6:divine:/ea
x6 Wild Bristle Matron - 0.6:divine:/ea
IGN: @nandomomlt","",""
"339539264012288000","nathanael4664","2025-03-18T18:58:35.6830000-05:00","WTS Softcore Legacy of Phrecia

60x Yellow Beast - 1 :divine: per set   (Stock: 3 sets)

IGN:  @SurferCrow","",""
"238763446017982465","everton3503","2025-03-18T20:41:41.5060000-05:00","WTS Softcore Legacy of Phrecia

60x Yellow Beast - 1.5:divine: per set   (Stock: 3 sets)

IGN:  @Radagast_Pala","",""
"201429714362040320","vitork","2025-03-18T22:46:49.2310000-05:00","WTS Softcore Legacy of Phrecia

8 Wild Bristle Matron - 2.4 :divine: for all

IGN: @ArkflowPS","",""
"231725798497845250","apolone","2025-03-19T00:27:02.9520000-05:00","WTS Softcore Phrecia

x60 Yellow Beasts - 1.5:divine: - STOCK: 5

IGN: @AAAAAAAGRH","",""
"336560065337360405","m.j.s","2025-03-19T00:53:41.8600000-05:00","WTS Softcore Phrecia

x60 Yellow Beasts - 1.5:divine: - STOCK: 7

IGN: @ceyx_phrecia","",""
"113019457122664448","zyraxion","2025-03-19T03:53:09.6080000-05:00","WTS Softcore Legacy of Phrecia
12 Vivid vulture 1.9 :divine:  each 22.8 :divine:  for all
IGN : imillegallyblind","",""
"458009880096407582","realslimamin","2025-03-19T03:55:06.3000000-05:00","WTS Softcore Legacy of Phrecia
x64 Vivid Vulture -  2d ea     buy 60 get 4  for free  
ign: Sru_BaitedByLance","",""
"364857328547397644","melu9606","2025-03-19T05:34:27.6960000-05:00","WTS Softcore Phrecia

||x46 Vivid Vulture - **2 :divine:  each**||
x25 Craicic Chimeral - **50 :chaos:  each**
x34 Fenumal Plagued Arachnid - **14 :chaos:  each**

IGN: MinahRHR","",""
"274008709749932032","knaagie","2025-03-19T06:41:49.5960000-05:00","WTS Softcore Legacy of Phrecia:
x60 Yellow beasts 1.4 :divine: (Current stock: 2)
IGN: `@pKnaag`","",""
"858188305312251915","asweetsmile","2025-03-19T06:50:46.0990000-05:00","WTS Softcore
x20++ Vivid Vulture - 1.9 Div ea
x4 black morrigan - 0.7Div ea
IGN: ASWEETSMILE","",""
"390816734111727616","rosdeneunnaenyeone","2025-03-19T07:00:15.0940000-05:00","WTS Softcore ""Legacy of Phrecia""

60 yellow beasts - 1.5 :divine: ( 10 set )

IGN:  @페코페코페코","",""
"318626373298159617","mercad","2025-03-19T07:40:48.7460000-05:00","WTS Softcore
~~25x Vivid Vulture - 1.8 :divine: each~~

IGN: GigaGoon","",""
"343348305587077130","chilleq","2025-03-19T07:43:34.3500000-05:00","WTS Softcore Phrecia
x44 Wild Brambleback - 0.25:divine:/each (all for 10 div)

IGN: RandkowiczSolowy","",""
"202181808215818250","hieidoido","2025-03-19T08:27:18.4780000-05:00","WTS Softcore Phrecia

~~22X Craicic Chimeral - 0.3 :divine: /each ~~

5X  Sets of Yellow beats(Set/60) - 1.2 :divine:  each

@GerardAphonse","",""
"243874442751639564","kaarbon","2025-03-19T08:42:03.8420000-05:00","WTS Softcore Legacy of Phrecia

Yellow Beasts - 60 for 1.5 :divine: / 3 set(s)

IGN: Karbon_Flicker_P","",""
"604934304027639819","chups73","2025-03-19T10:18:16.1750000-05:00","WTS Softcore Legacy of Phrecia

60x Yellow Beasts (set) 1.5 :divine: / set (stock: 15 )
50+  Craicic Chimeral 0.5 :divine: / each 

IGN : @Chups_Phrecia","",""
"199962886989152256","ceep","2025-03-19T10:43:40.4350000-05:00","~~WTS Softcore Legacy of Phrecia

Yellow beasts x60- 1.5 :divine:  / set (stock: 2 sets)

IGN: ceepCat~~","",""
"493148314074611712","arti222","2025-03-19T12:48:07.5090000-05:00","WTS Softcore Phrecia

24x Black Morrigan 0.7 :divine: /ea
30x Wild Brambleback 0.25 :divine: /ea

IGN: MorderczeUlumulu","",""
"315594167663329281","bgelf","2025-03-19T14:01:26.6930000-05:00","WTS Softcore Legacy of Phrecia

x3 Vivid Vulture - 2.0 divine each
x1 Vivid Watcher - 1.5 divine each
x3 Wild Bristle Matron - 0.5 divine each
x6 Wild Brambleback - 0.2 divine each
x5 Wild Hellion Alpha - 0.4 divine each

All for 11 divine

IGN:@KamiScionnn","",""
"323756675486056448","stasicus","2025-03-19T14:02:09.3960000-05:00","WTS Softcore ""Legacy of Phrecia""
60x Yellow Beast 1,3 d  (14 sets)
IGN: cutttitul","",""
"541223700142227466","lomax.1311","2025-03-19T14:16:53.0510000-05:00","WTS Softcore Legacy of Phrecia
x 62 Vivid Vulture - 2 :divine:each
ING LomaxOsabi","",""
"313400748559958017","raynar3455","2025-03-19T15:00:47.9100000-05:00","WTS Softcore Legacy of Phrecia

  Yellow beasts x60- 1.5 :divine:   (4 set)

IGN: Raynanz","",""
"302026963097354242","gandrel72","2025-03-19T15:19:15.3390000-05:00","WTS Softcore Legacy of Phrecia

12  Vivid Vulture                       1.8 div each

IGN: @GuerrierSousChampi","",""
"121439120240279555","fill","2025-03-19T15:52:12.2830000-05:00","WTS Softcore Legacy of Phrecia

x30 Vivid Vulture 2.0 :divine: /each

**Buy all get 3 Black Morrigan free!**

IGN: LastChanceForAMirror","",""
"662428197404540928","luqtup","2025-03-19T16:10:31.8940000-05:00","WTS Softcore Legacy of Phrecia

Vivid Vulture 2:divine: each (Stock: 43)

IGN: @EverythingsOkay","",""
"845395851945312346","tatarsstan228","2025-03-19T16:13:39.1190000-05:00","WTS Softcore ""Legacy of Phrecia""
**---------------------------------------------------------------**

` Stock    Beast Name            Price`
~~` 12      Vivid Vulture          2.0`:divine:~~
` 43      Vivid Watcher          1.5`:divine:  ***59 if u take all***
~~` 08      Black Morrigan         0.7`:divine:~~
~~` 014     Craicic Chimeral       1/3`:divine:~~
` 02      Wild Bristle Matron    0.7`:divine:

**---------------------------------------------------------------**
**IGN**: `@givemedivspls WTB Beast`","",""
"1262774422960341083","_francisn7_","2025-03-19T16:22:06.5910000-05:00","WTS Softcore ""Legacy of Phrecia""

60x Yellow Beast - 1.2:divine:

IGN:  @MajorTeles","",""
"348921092624220162","noxob","2025-03-19T16:23:58.6440000-05:00","WTS Softcore
31x Black Morrigan       |   0.7 :divine: each
8x Wild Bristle Matron |   0.5 :divine: each
igN: Noxob_Flash","",""
"807240523592630364","cfzwxlove","2025-03-19T17:27:05.1150000-05:00","WTS Softcore Legacy of Phrecia

🟡  Yellow beasts x60- 1.5 :divine: (12 set)

IGN: cfxyloveyy","",""
"357493527703191553","username566","2025-03-19T17:30:42.2430000-05:00","WTS Softcore Legacy of Phrecia
Yellow Beasts 60 x - 1.5 div (3set)
IGN: @mykneegrowsweak yellow x60","",""
"302531005968023572","chronnox","2025-03-19T19:19:33.2660000-05:00","WTS Softcore Legacy of Phrecia 

60x Yellow Beast 🐯  - 1.5 :divine:  per set (20 sets available) 

IGN:@Chronno_Slam","",""
"812961041897619486","daker1101","2025-03-19T22:34:10.2220000-05:00","WTS Softcore Legacy of Phrecia
x8       Vivid Vulture            1.8   :divine: / each
x4       Wild Bristle Matron           0.4 :divine:/each

IGN : closrange","",""
"195878001437573120","iserbiuslol","2025-03-19T23:21:11.6510000-05:00","WTS Softcore Phecia

38 Vivid Vultures - 1.8 :divine: each - 68 divines total

IGN Cultar_ZenithGodX","",""
"230131348914831361","tvl792","2025-03-19T23:51:35.7510000-05:00","WTS Softcore Legacy of Phrecia
~~5 Vivid Vulture - 2div each ~~
x4 Vivid Watcher - 1.5div/ea
x17 Wild Bristle Matron - 0.5 divine /ea or 8div all
x8 Wild Brambleback - 0.3div each or 2div all
x20 Black Morrigan - 0.7div each or 14div all
~~x8 Craicic Chimeral - 50c/ea~~

IGN: TVL","",""
"115616404467613701","polarbearrrs","2025-03-20T00:06:18.9370000-05:00","WTS Softcore Legacy of Phrecia:

Yellow Beasts - 60 for 2 div / 7 set(s) available

IGN: Polar_EinharEscort","",""
"163905836673007617","palleachill","2025-03-20T00:33:23.5410000-05:00","~~WTS Softcore Legacy of Phrecia
yellow beasts x60                  1.5 :divine: (stock: 5)
ign: PinkAndFluffy~~","",""
"247135962465959936","subparpt","2025-03-20T00:42:12.1810000-05:00","WTS Softcore Phrecia

4x Black Morrgan 0.7 :divine: / each
8x Wild Brambleback 0.3 :divine: / each
4x Wild Hellion Alpha 45 :chaos: / each
12x Plagued Arachnid 15 :chaos:/ each

IGN: PeterTheThiccest","",""
"437200504104288256","slglucker","2025-03-20T02:57:40.8230000-05:00","WTS Softcore Phrecia

60x yellow beast 1.5 :divine: 10 sets

IGN   LucKeR_Phrecia","",""
"665010001823399951","wamumu_","2025-03-20T06:09:53.5500000-05:00","~~WTS Softcore Legacy of Phrecia

x7 Vivid Vulture - 2.2 :divine: /ea - 14 :divine: all

 IGN: WamumuPhreciaThree~~","",""
"306739847173898250","mrgoogle","2025-03-20T06:24:32.5580000-05:00","WTS Softcore
yellow beasts 1.5d per set (have 4)
IGN: @MrGoogleKB","",""
"154213554021597184","therealfisker","2025-03-20T06:43:47.6140000-05:00","WTS Softcore Legacy of Phrecia
192 x Craicic Chimeral 50c ea
IGN: Moskusrotte","",""
"263121542576078849","nibbee","2025-03-20T08:10:59.1180000-05:00","WTS Softcore Phrecia
Craicic Chimeral 38x - 0.3 :divine: each

IGN: @niBBBBe","",""
"883741073246150686","smikon","2025-03-20T08:34:26.9890000-05:00","WTS Softcore Legacy of Phrecia

x26 Vivid Watcher - 1.5 :divine:  /ea

x10 Black Mórrigan -> 8 :divine: 

IGN: Smikon","",""
"325673379841703936","dgivemeflower","2025-03-20T10:19:09.6890000-05:00","s","",""
"445546386251841536","nelsonchen","2025-03-20T12:01:06.9270000-05:00","WTS Softcore Legacy of Phrecia

X28   Wild Bristle Matron      - 0.6 :divine:each
X81    Black Morrigan            - 0.7 :divine: each
X47   Craicic Chimeral          - 0.4 :divine: each
X82   Plagued Arachnid      - 15 :chaos: each

IGN:Angusbeeff_PHRECIA","",""
"337286739012091904","lgnomv3","2025-03-20T14:23:44.9060000-05:00","WTS Softcore Legacy of Phrecia


x12  black morrigan - 0.7d  each

IGN: Harbinger_of_Samost","",""
"662062193595908100","trustpeoplevkl","2025-03-20T19:25:45.6680000-05:00","WTS Softcore Legacy of Phrecia

``100+  Vivid Vulture ``                       
 2.2  :divine: each
``40  Vivid Watcher ``                     
SOLD   :divine: each
``100+  Wild Hellion alpha ``            
0.5  :divine: each 
``100+ Wild Bristle Matron``
 SOLD :divine:  each
``100+ Wild Brambleback``
 0.2 :divine:  each

IGN: @emquancuacanha","",""
"487923356230877184","yong1233122","2025-03-20T21:36:28.9770000-05:00","WTS Softcore Legacy of Phrecia

14x  Vivid Vulture                        2   :divine:each


IGN: @BoomerGeneral","",""
"381621834837393409","kacare_","2025-03-20T22:49:13.9560000-05:00","WTS Softcore Legacy of Phrecia

60x Yellow Beasts - 1.5:divine: (20 sets)

IGN: @chicotefeliz","",""
"371826332423815179","madapaka","2025-03-21T00:24:37.8750000-05:00","WTS SC LegacyOfPhrecia

60x YellowBeasts 1.5:divine: (stock:6sets)

IGN: @ZombiesFallingDown","",""
"1079848351442407496","zuzbuz","2025-03-21T00:34:32.6510000-05:00","WTS Softcore Legacy of Phrecia

60x Yellow Beast - 1.5 :divine: /set (10+ sets)

IGN:zuz_coinflip","",""
"418290048493027330",".chikichita","2025-03-21T00:45:10.9370000-05:00","WTS Softcore

✅ Vivid Vulture              2    :divine: each  (Stock : 39 )


  IGN: @ChikiChita_","",""
"236015256030281729","lapamin","2025-03-21T01:56:29.5840000-05:00","WTS Softcore Legacy of Phrecia

x48  Vivid Vulture       --- 2 divine each

IGN: lapaminmirror","",""
"619891179034509321","deaddbbeats","2025-03-21T02:00:30.2830000-05:00","WTS Softcore Legacy of Phrecia

x4 Vivid Vulture - 2 :divine: each
~~x8 Wild Breastle Matron - 70:chaos:  each~~

IGN: касанетето","",""
"241240429792722944","maler031","2025-03-21T04:54:11.2560000-05:00","WTS Softcore Legacy of Phrecia

60x Yellow Beast - 2 :divine: /set 
IGN: @Otrovnigad","",""
"343656023015292929","aramakidme","2025-03-21T05:04:34.8540000-05:00","WTS Softcore Legacy of Phrecia

x56 Wild Bristle Matron - 0.6 :divine:  each
x56 black morrigan - 0.7 :divine: each
x45 wild Brambleback - 0.2 :divine: each

IGN: amegafuru","",""
"611249428023738378","wreckin.","2025-03-21T06:07:41.8580000-05:00","WTS Softcore ""Legacy of Phrecia""

~~60 x yellow beasts --     2div    ~~

IGN: Horron","",""
"314937847243210763","junior_8566","2025-03-21T07:27:02.9580000-05:00","WTS Softcore ""Legacy of Phrecia""

Yellow Beasts 60 x 1,5 :divine: each set  (stock: 7 sets)

IGN: @psvalzeta","",""
"837603410684936213","cat.barb","2025-03-21T08:19:29.8920000-05:00","WTS Softcore

19x Black Morrigan 0.7d each

IGN: Poecat","",""
"816833740750979113","ysun6412","2025-03-21T08:34:08.8120000-05:00","WTS Softcore Phrecia

60x Yellow Beast - 8 :divine:  per 5 sets (10+)

IGN: @肮犹当诛","",""
"482431089806278666","chaupt852","2025-03-21T08:41:56.7100000-05:00","WTS Softcore Legacy Of Phrecia

60 x Yellow Beasts - 1.4 :divine: (stock 5)
IGN:@SC_Paladin yellow beast","",""
"943431479806025728","strawhat1","2025-03-21T11:05:59.4580000-05:00","s","",""
"113126400289959936","morganathon","2025-03-21T13:56:30.0230000-05:00","WTS Softcore Legacy of Phrecia

60x Yellow Beasts - 1.5:divine: (4 sets)

IGN: aBlindGuyIGuess","",""
"106826014893568000","gyncoca","2025-03-21T14:59:13.7920000-05:00","WTS Softcore Legacy of Phrecia

60x Yellow Beasts - 1.5 :divine:  (6 sets)

IGN: Gyncoca_KB","",""
"277301701806129152","darkangel8187","2025-03-21T15:49:14.5180000-05:00","WTS Softcore Legacy of Phrecia

60x Yellow Beast - 2 :divine: /set (total 13)
IGN: @MSSKarto","",""
"342366018351529984","cloppern","2025-03-21T16:03:23.5050000-05:00","WTS Softcore Legacy of Phrecia
x40 Wild Bristle Matron - 0.5 :divine: /each
x60 Wild Brambleback - 0.33 :divine:each
x114 Black Morigan - 0.8 divine /each
x48 Craicic Chimeral - 0.4 divine /each

IGN: @DF_OkayTheeenLetsGoMeta","",""
"346351160703057921","kimbel","2025-03-21T17:10:13.2400000-05:00","~~WTS Softcore  Legacy of Phrecia

30x Vivid Vulture - 2.1 d  each


IGN: Kimbel_mfa~~","",""
"802433778290393089","maro3573","2025-03-21T20:37:38.5400000-05:00","WTS Softcore

4x Vivid Vulture - 2.2d each

IGN: @이벤트찍먹스타터","",""
"764907239622180875","kallafior","2025-03-21T20:48:50.6250000-05:00","~~","",""
"334630242868264960","sloth0643","2025-03-21T22:34:50.7180000-05:00","~~WTS Softcore

60x Yellow Beast 2 :divine:  (Stock: 4)

IGN: @Hexbl_sloth~~","",""
"186435136668172289","poussin8036","2025-03-22T01:52:57.0860000-05:00","WTS Softcore Legacy of Phrecia
Yellow Beasts 60 x - 2 :divine:  (1 sets)
IGN: @PhreciaPiouPiou","",""
"554208754204278784","void241","2025-03-22T03:14:37.7010000-05:00","WTS Softcore Legacy of Phrecia

436x Vivid Vulture - 2.2 :divine: (each)

IGN: VoidOffmetaKing","",""
"373012870058737669","sky7860","2025-03-22T03:36:06.8730000-05:00","WTS Softcore Legacy of Phrecia

60x Yellow Beasts - 1.5 :divine: /set (1 set left)

IGN: 继续闪电打击","",""
"294552510918557696","bucketless","2025-03-22T05:24:44.9540000-05:00","WTS Softcore Legacy of Phrecia
Yellow Beasts 60 x - 1.5 :divine:  (6 sets)
`@TornadoSuvisIsMinu WTB Yellow beasts`","",""
"432155586197717005","bong_bong_juseyo","2025-03-22T07:35:24.4890000-05:00","WTS Softcore
60x Yellow Beasts - 1.5 :divine:/set (3sets ) all 4d

IGN: @Phercia_ice","",""
"259284885292843008","ireinicus","2025-03-22T07:42:04.4940000-05:00","~~WTS Softcore Legacy of Phrecia
Yellow Beasts 60 x - 1.5 :divine:
IGN: @Horion_phrecia~~","",""
"114830413972635662","jugment","2025-03-22T07:48:06.4750000-05:00","WTS Softcore Legacy of Phrecia

60x Yellow Beast - 2 :divine: /set 0sets

IGN: Presidential_Rugpull","",""
"294868716473155584","nxngp","2025-03-22T09:47:18.5130000-05:00","WTS Softcore Phrecia

~~60x Yellow Beast - 2 :divine:  /set  (stock: 5 sets)~~

6 x Vivid Watcher - 1.9 :divine:each
3 x Vivid Vulture - 2.2 :divine:each
4 x  Wild Bristle Matron - 0.7 :divine:each

IGN: @Edsamg","",""
"379624861271588864",".johnnyyyyy","2025-03-22T10:39:33.4540000-05:00","WTS Softcore Lgeacy of Precia
60x Yellow Beasts - 1.8 :divine:/set (3sets ) all 5d

IGN: @dopamineedetox","",""
"149690411378671616","zerocataclysm","2025-03-22T11:37:28.3580000-05:00","WTS SOFTCORE Legacy of Phrecia

~~60x Yellow Beasts - 1.5:divine:/set (4 sets ready)~~
~~3x Black Morrigan - 1:divine: each~~

IGN: Zero_LoP","",""
"679352568731926538","ru_baha","2025-03-22T12:09:33.4270000-05:00","WTS Softcore ""Legacy of Phrecia""

48 x Vivid Watcher - 1.5 :divine:each

IGN: @Псевдоним","",""
"716683323665023036","zeacss","2025-03-22T12:45:58.9530000-05:00","WTS Softcore Legacy of Phrecia

60x Yellow Beast - 2 :divine:/set (Stock : 2sets)

IGN: ChoChotteQuiCrie","",""
"1227393458705137695","diiegoluks","2025-03-22T14:36:19.4030000-05:00","WTS Softcore Legacy of Phrecia

60x Yellow Beasts - 1.8 :divine: / per set  (2 sets)
IGN: @Minadogelo","",""
"394894249084059648",".akeer","2025-03-22T14:40:42.2580000-05:00","WTS Softcore Legacy of Phrecia

~~x106 Craicic Chimeral - 0.5 div/each~~
x38  Wild Hellion Alpha - 0.5 div/each
~~x100 Black Morrigan - 1.1 div/each
x15 Wild Bristle Matron - 0.7 div/each~~
 
IGN: bibababa","",""
"138443895221649409","hatsax","2025-03-22T15:28:23.2310000-05:00","WTS Softcore Legacy of Phrecia

Yellow Beasts x60 - 1.5 :divine: per set (Stock: 12 sets)

IGN:@HatSaxSurf","",""
"1014270502279331840","jusjig","2025-03-22T16:04:31.5360000-05:00","WTS Softcore Phrecia

x60 Yellow Beast - 1.5 :divine: per set   ( Stock : 12 set )

IGN:  PhreciaJig","",""
"340097618023809025",".marc2k","2025-03-22T17:34:41.7100000-05:00","WTS Softcore Legacy of Phrecia

4x Vivid Vulture - 2.5D each
1x Black Morrigan - 2D each
12x Vivid Watcher - 1.9D each
44x Craicic Chimral - 0.9D each

IGN:  MK_NeedMoreSrines","",""
"274602905791758337","nk2k","2025-03-22T17:50:34.7170000-05:00","WTS Softcore Legacy of Phreacia

x37 Craicic Chimeral - 35 :divine: 

IGN: Roguefarmer","",""
"341766276626251779","papachonch","2025-03-22T17:52:14.0350000-05:00","WTS Softcore ""Legacy of Phrecia"" 60x Yellow beasts 1.5D IGN pepochonch","",""
"319575738598817792",".maessstro","2025-03-22T18:14:51.9440000-05:00","f","",""
"840540077985628181","leosanga79","2025-03-22T19:00:54.2690000-05:00","WTS Softcore Legacy of Phrecia

Yellow Beasts 60 x - 1.5 :divine:  (stock: 1 sets)

IGN: @AtiradoraDaLuz  Beast Set:","",""
"840540077985628181","leosanga79","2025-03-22T19:16:06.0510000-05:00","WTS Softcore Legacy of Phrecia

Yellow Beasts 60 x - 2 :divine:  (stock: 1 sets)

IGN: @AtiradoraDaLuz  Beast Set:","",""
"191990865168695298","mellodude","2025-03-22T19:38:23.0260000-05:00","WTS Softcore Phrecia

60x Yellow beasts 2 :divine:  per set (Stock: 4)

IGN: MellodudeLS","",""
"200234356839546881","sadone4350","2025-03-22T20:47:26.4930000-05:00","WTS Softcore Legacy of Phrecia
x61 Farric Wolf Alpha  -   5 chaos / each
X40 Plagued Arachnid - 14 chaso /each
x9 Farric tiger alpha- 5  chaos /each
IGN: 貓人一號","",""
"663808147164495895","bigmenix","2025-03-22T21:00:59.6780000-05:00","WTS Softcore Legacy of Phrecia

20x Craicic Chimeral - 1D each

IGN: GuildLeader","",""
"926314997695529050","ucanthandleme","2025-03-22T21:10:32.3690000-05:00","WTS Softcore Legacy of Phrecia 

x60 yellow beasts 1.5  :divine:   per set (Stock: 1 sets)

IGN: PewCwdTPew","",""
"563266338202714112","nithi6782","2025-03-22T21:30:19.6050000-05:00","WTS Softcore Phrecia

5 vivid watcher: 7.5 div for all
7 bristle matron: 5 div for all
ign: Nithiii","",""
"267742842686799873","toksking","2025-03-22T22:54:20.6140000-05:00","WTS Softcore Legacy of Phrecia

60x Yellow Beast - 2 :divine: : /set (Stock:2 sets)

IGN: AvatarOnFire","",""
"575182181677400094","peanutbutterzebrahacker","2025-03-22T23:16:07.6970000-05:00","WTS Softcore ""Legacy of Phrecia""
===========
6 x Black Morrigan - 2 :divine:each
4 x Vivid Vulture - 2.5 :divine:each
4x Wild Brambleback 0.3 divine each
10 x  Wild Bristle Matron - 1 :divine:each
===============
IGN: @KBlastOfClustering","",""
"331183969171275776",".stumpoman","2025-03-23T00:15:47.6710000-05:00","~~WTS Softcore Phrecia

60 yellows (4 sets)     1 .2:divine:  (4 sets)

IGN: Phrecia_HOAG~~","",""
"135746511358263296","guido3423","2025-03-23T01:51:36.4350000-05:00","WTS Softcore Phrecia 

60x Yellow Beasts - 2 :divine: - Stock 6

IGN: GenCryMyselfToSleep_","",""
"177134816821641216","spac9287","2025-03-23T02:36:37.1850000-05:00","WTS Softcore ""Legacy of Phrecia""

Yellow Beasts 60 x 1.5 :divine: each set  (stock: 3 sets)

IGN: @SpacGenCry","",""
"653790672612098049","lodrolo","2025-03-23T03:12:59.1460000-05:00","WTS Softcore Legacy of Phrecia 

x60 yellow beasts 2:divine: /set  (Stock: 0 sets)

IGN: LegacyOfDeez","",""
"531076491082203147","yurii_navara","2025-03-23T03:27:03.2560000-05:00","~~WTS Softcore Phrecia

60 x Yellow Beasts - 2 :divine: (stock 9)

IGN: @Makosh_Phrecia WTB > Yellow Beasts stock:~~","",""
"350937808611049474","obito2179","2025-03-23T03:47:37.6100000-05:00","WTS Softcore ""Legacy of Phrecia""

Yellow Beasts 60 x 2 :divine: each set  (stock: 7 sets)


IGN: pizdek_poe","",""
"380565411424632834","iseungju6364","2025-03-23T03:54:33.4200000-05:00","WTS Softcore ""Legacy of Phrecia""

Yellow Beasts 60 x 2 :divine: each set  (stock: 1 sets)


IGN: 이번엔뭘","",""
"314738878579867649","anyfever","2025-03-23T04:31:21.1150000-05:00","WTS Softcore ""Legacy of Phrecia""

red beast:
~~Craicic chimeral x144  0.6 :divine:/ea~~
Vivid Watcher x24  1.9 :divine:/ea
Vivid Vulture x24 2.5 :divine:/ea
~~Wild Bristle Matron x24 0.8 :divine:/ea~~
IGN: @慶祝參點貳伍兩佰天","",""
"467382891584684033","_the._.one_","2025-03-23T05:44:34.0680000-05:00","WTS Softcore Legacy of Phrecia

Yellow Beasts 60 x - 1.5 :divine:  (stock: 0 sets)

IGN: @phrecia_theone_one","",""
"679351027149045772","andreas2626.","2025-03-23T06:10:37.6320000-05:00","WTS Softcore Phrecia   SOLD

x59 Unindentified Forbidden Shako - 3 for 1 D

IGN: tankanzasanctum","",""
"377125957686788096","maximanon","2025-03-23T06:30:59.1780000-05:00","WTS Softcore Phrecia

~~60 Yellow Beast = 1.5:divine:  (have: 11 set)~~sold
IGN: @Maddy_Pre","",""
"195742652249931777","mfdreamless","2025-03-23T07:42:29.6290000-05:00","WTS Softcore ""Legacy of Phrecia""

:surprisedPika:  Yellow beasts 60x - 2 :divine: (5 sets)

IGN: @MFThalia","",""
"138079643403026432","kirstingbro","2025-03-23T07:56:58.6520000-05:00","WTS Softcore Legacy of Phrecia
Yellow Beasts 60 x - 2 :divine:  (20 sets)
IGN: @KirstingProphet","",""
"682107832140824633","clarble","2025-03-23T08:31:55.5210000-05:00","WTS Softcore Legacy of Phrecia

60x Yellow Beast 1.5 :divine: ea (stock:3)

IGN: broingus","",""
"118095477815115777","guilasw","2025-03-23T09:31:32.2450000-05:00","~~WTS Softcore (Phrecia)
===================================================
Stock  Beast Name                  Price / each
1 Black Morrigan                       2   :divine:

11 Yellow Beast Sets (60)        2  :divine: 
===================================================
@CastWhenITellYouToCast Hi, I would like to buy your [X]~~","",""
"471042091208671252","conmeotreocaycau","2025-03-23T09:34:06.9510000-05:00","WTS Softcore Legacy of Phrecia

40 x Vivid Vulture       - 2.5 :divine:/each
203x Craicic Chimeral‌    - 0.6 :divine:/each
18 x Black Mórrigan      - 1.8 :divine:/each

IGN : Sadthu_Phr","",""
"837250354298224650","sasa0927","2025-03-23T10:06:59.6500000-05:00","WTS Softcore ""Legacy of Phrecia""

`12   　　　Vivid Vulture             `-  2.4  DIV each
`32 　　　  Vivid Watcher             `-  1.8  DIV each
`15    　  Black Morrigan             `-  1.8 DIV each
`14  　　　 Bristle Matron            `-  1.0 DIV each
`12  　　　 Hellion Alpha             `-  0.7 DIV each
`114 　　　 Craicic Chimeral          `-  0.6 DIV each

IGN : おむたつ","",""
"262784770549743616","bobburrito_0001","2025-03-23T10:09:54.2710000-05:00","WTS Softcore Phrecia 

60x Yellow Beasts - 2 :divine: - Stock 4 

IGN: Phrerion","",""
"251571108589862913","confinhoul","2025-03-23T10:13:13.4950000-05:00","WTS Softcore Phrecia 

 Vivid Vulture- 2.4 :divine: - Stock 8

IGN: whoded","",""
"291653725020225536","sparrie83","2025-03-23T10:16:47.8700000-05:00","WTS Softcore Phrecia

60x yellow beast 1.5 :divine:  20 sets

70 craicic chimeral 1 :divine: 

IGN   Adrenalinux","",""
"329208777393831938","einherjar1089","2025-03-23T10:36:30.5420000-05:00","~~WTS Softcore Legacy of Phrecia

60x Yellow Beast 1.5 :divine: ea (stock:1)

IGN: Phrecia_Einherjar~~","",""
"464806835606519812","luck0621","2025-03-23T10:43:02.4310000-05:00","WTS Softcore Legacy of Phrecia

x12    Vivid Vulture ------ 2.2 :divine:  / each
x15  Craicic Chimeral -- 0.5  :divine: / each
x13     Black Morrigan ---- 1.7  :divine: / each

60x yellow beast  1.4 :divine:  -  10sets ready in hand

IGN: 旋風小阿豬","",""
"397096345623592960","voruet","2025-03-23T11:36:17.6970000-05:00","WTS Softcore Legacy of Phrecia

x432 VIVID VULTURE - 2.8 :divine: each (1200 ALL)

IGN: @стадояиц \ or DM in discord","",""
"569511836022734858","chenhang","2025-03-23T11:51:04.3380000-05:00","WTS Softcore ""Legacy of Phrecia""

 60 x Yellow Beasts - 2 :divine: 

IGN: @闪回负电瓦尔老大哥","",""
"322855684309778432","ayla.puppy","2025-03-23T12:24:30.7430000-05:00","WTS Softcore Legacy of Phrecia

6x Fenumus, First of the Night - 100 :chaos: EA
2x Saqawal, First of the Sky - 1 :chaos: EA

IGN: Kittyisaminer","",""
"271334912408158209","franziska_raven","2025-03-23T12:59:02.9180000-05:00","WTS Softcore Legacy of Phrecia

60x Yellow Beasts - 2 :divine: (4 sets)

Ign: @WarpingWaffle","",""
"774900734982488074","rollooper","2025-03-23T13:23:02.7840000-05:00","WTS Softcore Legacy of Phrecia

60 x Yellow Beast set - 1.7 :divine:  pet set- or 4 sets for 6 :divine: ( 4 sets in stock)

IGN: Posionskulls","",""
"397636399949414404","yummy6974","2025-03-23T13:56:44.8780000-05:00","WTS Softcore(not legacy of phrecia)
Vivid Vulture   - 6.8  :divine: / ea 
dm plz","",""
"525668141389578257","prince_of_anusdeep","2025-03-23T14:42:18.1670000-05:00","WTS Softcore Legacy of Phrecia 🔥

=============================================
60x Yellow Beast 🐯 - 1.5 :divine: (stock 6 sets)
=============================================

IGN:@Саня_ЗенитнаяУстановка wtb yellow","",""
"248421761266221056","popcornwrapper","2025-03-23T14:45:02.6120000-05:00","WTS Softcore ""Legacy of Phrecia""

3100x Craicic Chimeral - 1 :divine:   

IGN: @ChimeralKingThree","",""
"352119353514131458","feelbetterman","2025-03-23T15:20:46.2180000-05:00","WTS Softcore Legacy of Phrecia
6x Black Morrigan - 1.9 :divine:/ each
14 x Craiac Chimeral - 0.5 :divine: / each
16 x  Wild Bristle Matron - 0.9 :divine: / each
IGN:@賭狗玩力爆","",""
"329663813571969026",".neverdying","2025-03-23T16:23:26.5480000-05:00","WTS Softcore Phrecia

x24 vivid vulture - 2.5 div / each
x28 Black Morrigan - 1.7 div / each
x6 Vivid Watcher - 1.6 div /each
~~x12 Wild Hellion Alpha - 0.6 div /each~~

IGN: not_POE_TWO_ENJOYER","",""
"193725374306320384","viagrabenis","2025-03-23T16:42:15.8450000-05:00","WTS Softcore ""Legacy of Phrecia""

24 x BLack Morrigan - 1.5 :divine:   each

IGN: @Adultery","",""
"134123800320147456","itsdashi","2025-03-23T16:42:33.3290000-05:00","WTS PHRECIA SC
---------------------------
27x Vivid Vulture    2.5/ea

IGN: @ImDashi","",""
"316302744090574849","irondannyx","2025-03-23T16:53:37.3160000-05:00","WTS Softcore ""Legacy of Phrecia""

240+  Craicic Chimeral      0.6 :divine: each
:surprisedPika: 60xYellow beasts – 2 :divine:   (stock: 12 sets)

IGN:@The_ClassiC_II","",""
"244495352055463937","four_hours_daily","2025-03-23T19:54:36.9890000-05:00","WTS Softcore ""Legacy of Phrecia""

~~60 x Yellow Beasts - 1.5  :divine:    (Stock: 10 sets) ~~
12x Black Morrigan 1.5 :divine: each
4x Vivid Vulture 2.4 :divine: each
~~8x Craicic Chimeral 70 :chaos: each~~

IGN: @Fart_Breaker_SSF","",""
"170705013943959552","killimlix","2025-03-23T20:23:21.6350000-05:00","WTS Softcore Legacy of Phrecia


46x Black Morrigan - 1.6 :divine:/ Each


IGN: KilliCommander","",""
"778421728313475084","fongtin3481","2025-03-23T21:28:13.8310000-05:00","WTS Softcore  Legacy of Phrecia

42+ Vivid watcher             -   1.7 :divine:


IGN:  @涼冬春日","",""
"269065382843645952","bingchiling123","2025-03-23T21:30:49.9280000-05:00","WTS Softcore Legacy of Phrecia

60x Yellow Beast 1.5 :divine: ea (sets:7)

IGN: 社會主義優秀青年","",""
"119523866044399619","bruce5629","2025-03-23T21:31:58.3980000-05:00","WTS Softcore Legacy of Phrecia

~~18x Black Morrigan - 1.8 :divine: each~~
14x Craicic Chimeral - 0.6 :divine: each
2x Vivid Watcher - 1.8 :divine: each
1x Vivid Vulture - 2.4 :divine:
6x Wild Helion Alpha - 0.6 :divine: each

IGN: AngryManBigSlam","",""
"220303485059596301",".naifx","2025-03-23T21:42:48.0580000-05:00","WTS Softcore Legacy of Phrecia

40x Vivid Watcher - 2 d / Each


IGN: @abateez","",""
"375816351559843860","zseen","2025-03-23T22:09:06.3300000-05:00","WTS Softcore ""Legacy of Phrecia""
===========
16 x Black Morrigan - 1.7 div each
===============
IGN @CocksMcgee","",""
"452453773542031362","zonzontran1995","2025-03-23T22:18:39.3270000-05:00","WTS Softcore Legacy of Phrecia

x20 Vivid Vulture - 2.5 divine /ea

x300 Craicic Chimeral - 0.6:divine: /ea
x 28 Black Morrigan - 1.8:divine: /ea

IGN: zonm_zonm","",""
"752468985139691631","uminay","2025-03-24T02:23:39.8750000-05:00","WTS Softcore Legacy of Phrecia

x18   Wild Bristle Matron - 0.8 div each
x24   Wild Hellion Alpha - 0.6 div each
x30   Wild Brambleback - 0.25 div each
x18   Craicic Chimeral - 0.5 div each
x18   Black Morrigan - 1.6 div each
x4    Vivid Vulture -   2.4 div each
x4    Vivid Watcher -   1.8 div each

IGN: @天音喵梦","",""
"453164458378788904","dungbip","2025-03-24T03:49:19.5440000-05:00","WTS Softcore Legacy of Phrecia
----------------------------------------------


x32       Vivid Vulture ----- 2.5 :divine: / each

x1000    Craicic Chimeral -- 0.5 :divine: / each

----------------------------------------------
IGN: @TrangTranThi","",""
"424782452095975435","reeeeeeeeeeeeeeeeeeeeeeeeeeeeee","2025-03-24T04:17:56.9510000-05:00","WTS Softcore  Legacy of Phrecia

4x Wild Bristle Matron -   1 :divine: ea

IGN:  Cingcangkeling","",""
"780782467744923668","craftlucky","2025-03-24T04:46:22.7700000-05:00","WTS Softcore Legacy of Phrecia
**yellow beasts x60**                  2 :divine: (stock: 4)
IGN: CraftRedcoon_ulsterfry","",""
"202157092746821633","doug122589","2025-03-24T06:06:36.3990000-05:00","WTS Softcore ""Legacy of Phrecia""
===========
8 x Black Morrigan - 250 :chaos:each
~~12 x Vivid Vulture - 2.3 :divine:each~~
===============
IGN: @Ph_Doug_","",""
"794534073154011186","nesta8898","2025-03-24T06:25:44.8410000-05:00","WTS Softcore Legacy Of Phrecia 

25x Wild Brambleback - 0.3div each 
IGN: @Phrecia_xNest","",""
"190136636946907136","lorsix","2025-03-24T07:12:43.9510000-05:00","WTS Softcore Legacy of Phrecia

x8  Wild Bristle Matron - 1 div each

IGN: @LorsixSlam","",""
"1102972662189412473","chef313","2025-03-24T07:35:19.8460000-05:00","WTS Softcore Legacy of Phrecia
x45  Black Morrigan - 1.2div each
~~x32  Vivid Watcher - 1.5div each~~
~~x26  Wild Bristle Matron - 0.6div each~~
x6  Vivid Vulture - 2.2div each 
IGN : @对东北雨姐犯了错","",""
"365042482939035648","zeemanislav","2025-03-24T07:55:22.6270000-05:00","WTS Softcore ""Legacy of Phrecia""

Yellow beasts 60x - 2Div:divine:  (stock:2set)

IGN: Манный_шептун","",""
"180744648220868618","_slush","2025-03-24T09:03:02.7980000-05:00","WTS Softcore - Phrecia - IGN: **@LegacyOfPhreciaEvent** 
 💜`x34`**` Wild Bristle Matron`**`0.8` :divine:ea","",""
"1056126719939051590","figios","2025-03-24T09:08:16.4670000-05:00","WTS Softcore Legacy of Phrecia

x76  Black Morrigan - 1div each
x9  Wild Bristle Matron - 0.8div each
x4  Vivid Vulture - 2.3div each 
x28  Craicic Chimera - 0.4div each
x40  Wild Brambleback - 30c each

IGN: @天音卡比兽","",""
"445426325344354304","pupu04501","2025-03-24T09:16:07.7990000-05:00","WTS Softcore Legacy of Phrecia

x24  Black Morrigan - 1.4div each
x24  Craicic Chimera - 0.5div each
IGN: @哈气耄耋","",""
"297914506347151363","aki1354","2025-03-24T09:20:08.7590000-05:00","WTS Softcore Legacy of Phrecia

~~x24  Black Morrigan - 1.2div each~~
x48  Craicic Chimera - 0.4div each
~~x43 Vivid Vulture  2.2 div each~~
IGN: @aki_iroha","",""
"544870710439444480",".zynthe","2025-03-24T09:35:54.8860000-05:00","WTS Softcore Legacy of Phrecia
=====
10x Saqawal, first of the sky : 60 :chaos: ea
9x Craiceann: 60 :chaos:each
5x Farrul : 60 :chaos: ea
3x Fenumus: 60 :chaos: ea
=====
bulk only - 10 per transaction
buy all 8 :divine: 
PM Me: `@NowakOjiisan hello WTB your beasts`","",""
"389264581329027084","whitiger_77","2025-03-24T09:52:01.8460000-05:00","WTS Softcore Legacy of Phrecia

26x Vivid Vulture - 2.4 :divine:  / ea (62 :divine: for all)
IGN:  tripleragebaited","",""
"240463293884399616","kokokiki98","2025-03-24T09:58:41.2540000-05:00","WTS Softcore Legacy of Phrecia

x75 Black Morrigan - 1.3 :divine: each
x24 Wild Bristle Matron - 0.9 :divine: each
x34 Craicic Chimeral - 0.5 :divine: each
x47 Wild Brambleback -  0.3 :divine: each 
```
IGN:@ราชานักรบพี่โก้พริ้ว
```","",""
"320024097021231115",".zenekin","2025-03-24T10:10:32.2320000-05:00","WTS Softcore Legacy of Phrecia


x4 Wild Hellion Alpha - 0.8  :divine:  each
x28 Black Morrigan - 1.2 :divine:   each


IGN: loadlickerlarry","",""
"648377658182205455","artick7853","2025-03-24T13:00:50.2560000-05:00","WTS Softcore ""Legacy of Phrecia""

Yellow Beasts 60 x - 1.5  :divine:  (stock: 5sets)

IGN: @SkyFallForAgony","",""
"192211014802997248",".jahz","2025-03-24T14:58:09.6500000-05:00","WTS Softcore Legacy of Phrecia

----------------------------------------------
x9 Vivid Vulture 2.2 :divine: / each
----------------------------------------------

IGN:   @DoxShrine","",""
"246870036386414592","golden_wind_medivh","2025-03-24T15:06:29.0110000-05:00","WTS Softcore Legacy of Phrecia
----------------------------------------------
- x15 Wild Brambleback - 40 :chaos: each
- x29 Wild Bristle Matron - 1 :divine:each
----------------------------------------------
IGN: @GoteiCaptainKyoraku","",""
"398285443399155712","kennedy5515","2025-03-24T15:16:50.9340000-05:00","WTS Softcore Legacy of Phrecia

x48 Black Morrigan - 1.5 :divine: /ea

IGN: @ShoutingIntoTheVoidVoid","",""
"462580061191667742","inplaces","2025-03-24T15:32:42.1670000-05:00","WTS Softcore
78x Craicic Chimeral - 0.4 Div ea
8x Wild Hellion Alpha - 0.5 Div ea
IGN: SugoUwU","",""
"347357124113858560","can_shen_gou","2025-03-24T16:16:09.5460000-05:00","WTS Softcore ""Legacy of Phrecia""

 60 x Yellow Beasts - 2 :divine:   (Stock: 10sets) 

IGN: @閃電迷彩貓","",""
"282811492800135168","chamimimi","2025-03-24T16:30:09.1550000-05:00","WTS Softcore ""Legacy of Phrecia""

 60 x Yellow Beasts - 2 :divine:    (Stock: 5sets) 

IGN: @GhanimaTheTruthSayer","",""
"565274612552957953","rimufumi","2025-03-24T16:39:16.6520000-05:00","WTS Softcore Legacy of Phrecia

x17 Vivid Vulture -   2. :divine:each
x23 Wild Hellion Alpha - 0.6  :divine:  each 


IGN:  rimuinyourhand","",""
"974619327263305749","romachi1","2025-03-24T17:17:28.6230000-05:00","WTS Softcore Legacy of Phrecia
x38 Vivid Vulture -   2.4 :divine:each
x27 Vivid Watcher - 1.8 :divine:each
x41 Wild Bristle Matron - 1 :divine:each
x55 Wild Brambleback - 0.3D each
IGN: @romachi","",""
"375755857922752533","tiagosimari_01","2025-03-24T17:32:33.9910000-05:00","WTS Softcore Legacy of Phrecia

x5 Black Morrigan - 1.2 :divine: | each


IGN:@lstigas","",""
"315817145911083008","qqenko","2025-03-24T18:41:24.1720000-05:00","WTS Softcore ""Legacy of Phrecia""

60xYellow Beasts - 1Div 

IGN: OneTimeMFAGod","",""
"206504303068708864","substeps","2025-03-24T19:16:19.1840000-05:00","WTS Software Legacy of Phrecia
3x Vivid Watcher - 1.4 :divine: / ea

IGN: @ThrobbingCharges","",""
"128756904011890689","duelexia","2025-03-24T20:59:44.9060000-05:00","WTS Softcore Legacy of Phrecia

30 x Yellow Beasts - 1 :divine:  (Stock: 3 sets)

IGN: heghogorelse","",""
"218909470850416642","karniv04","2025-03-24T21:50:16.8150000-05:00","WTS Softcore Legacy of Phrecia

x8 Black Morrigan - 1.3 :divine:each
~~x4 Wild Brambleback - 1 divine for all
~~
60x Yellow Beasts - 2 divine each (3 SETS)

IGN: KarnsBloodySac","",""
"571168573737926666","diuib","2025-03-25T00:06:10.6590000-05:00","WTS Softcore Legacy of Phrecia
x100+  Craicic Chimera - 0.4:divine: /each
IGN:@Phrecia_machi","",""
"610558315927437335","hesoyam1281","2025-03-25T02:18:40.7010000-05:00","WTS Softcore ""Legacy of Phrecia""

Yellow Beasts 60 x - 2 divine :divine:    (stock: 36 sets) 

IGN: @URANEWPOELEAGUE","",""
"210519015699906560","smick.","2025-03-25T02:27:59.5100000-05:00","WTS Softcore Phrecia
--------------------------
18x Vivid Vulture - 2.3 :divine:  ea
14x Vivid Watcher - 1.7 :divine:  /ea
18x Hellion Alpha - 100 :chaos:  /ea
16x Bristle Matron - 140 :chaos:  /ea

IGN:  ๏SurfsUp๏","",""
"359699558789414917","lockejr","2025-03-25T02:39:10.5600000-05:00","WTS Softcore Legacy of Phrecia

x12 Black Morrigan - 1.2 Div  each

IGN: Shrinelocke","",""
"111377179400511488","sericulture","2025-03-25T03:49:06.8760000-05:00","WTS Softcore Legacy of Phrecia

26x Vivid Vulture - 2.2 :divine:each
36x Craicic Chimera - 0.4 :divine:each
60x Yellow Beasts - 1.5 :divine:(4 stocks)

IGN: @Mervyl","",""
"448537983319015436","hronos_fm","2025-03-25T05:11:12.7860000-05:00","WTS Softcore Legacy of Phrecia

x43 Wild Bristle Matron      0.9 :divine:each
x31 Wild Brambleback - 0.3 :divine:ea

IGN: @LordBimBam","",""
"256891194192297984","xenohaze","2025-03-25T05:47:20.4980000-05:00","WTS Softcore ""Legacy of Phrecia""

SOLD

IGN: @MidnightBlack","",""
"238876722391547905","chichi6107","2025-03-25T06:22:13.1840000-05:00","~~WTS Softcore Legacy of Phrecia

60x Yellow Beast - 2:divine:  set (9 sets)

IGN: @chichispellfinger~~","",""
"230632348738256896","tetrush","2025-03-25T07:29:43.4430000-05:00","WTS Softcore ""Legacy of Phrecia""

Yellow beasts 60x - 2Div:divine:  (stock:25set)

IGN: Google_Phre","",""
"815908395970068520","harunki32","2025-03-25T07:44:43.6370000-05:00","WTS Softcore
8x Craicic chimeral 0.4 :divine: each. 3 div all
IGN ComanderOfTankiness","",""
"384416956910010368","igadreel","2025-03-25T07:55:36.1030000-05:00","WTS Softcore Legacy of Phrecia

60 yellow beasts - 1.5 :divine: ( 2 set )

IGN : chinathes_popis","",""
"214324587091984384","dreams4297","2025-03-25T08:17:12.8300000-05:00","WTS Softcore Legacy of Phrecia

~~203x Vivid Vulture - 2.3 :divine: / ea (467:divine: for all)  (min AMOUNT 10)~~

If i offline in game, write me in discord

IGN: 
```
@Edik_Mladshiy WTB Vivid Vulture```","",""
"706064487509393450","deku128","2025-03-25T08:21:02.2430000-05:00","WTS SoftCore Legacy Of Phrecia

60x Yellow Beasts - 2D (stock: 4 sets) 

IGN: PlsLetMeGetToEighty","",""
"227935969322467330",".iphice","2025-03-25T08:24:30.3970000-05:00","WTS Softcore Legacy of Phrecia

x20 Vivid Vulture                  2.1:divine:each

IGN: @IphicePhrecia","",""
"465428884410597387","y3o_k1ng","2025-03-25T08:28:01.1460000-05:00","WTS Softcore ""Legacy of Phrecia""

47 x Black Morrigan - 1 :divine:each
16x Craicic Chimeral- 0.5 :divine:each

IGN : .@방부제","",""
"389160653010763777","puwer","2025-03-25T08:31:40.4770000-05:00","WTS Softcore

x42 Black Morrigan - 1 :divine: each
10x Wild Bristle Matron - 0.8 :divine: each
x40 Wild Brambleback - 0.2 :divine: each

IGN: puwerdll","",""
"873606367204737154","lng6690","2025-03-25T08:41:34.2270000-05:00","WTS Softcore Legacy of Phrecia

x100 Vivid Vulture -   2.2 :divine:each
x100 Vivid Watcher - 1.7 :divine:each 
x20 Wild Hellion Alpha - 0.8  :divine:  each 
x19 Wild Bristle Matron - 0.8 :divine:each
x20 Black Morrigan - 1d  each

340 x Craicic Chimeral - 0.35d each

IGN:  lngh","",""
"337585617259200524","robingeen420","2025-03-25T10:18:48.5200000-05:00","WTS Softcore ""Legacy of Phrecia""

60x Yellow Beast - 1.25 :divine: per set   ( Stock : 14 sets )

IGN:  @uber_aschwin i want to buy beast amount of sets:","",""
"232034315683364864","itriglav","2025-03-25T10:40:17.4320000-05:00","WTS Softcore ""Legacy of Phrecia"" 


60 Yellow Beasts - 1.5 :divine: (have 10 sets)

IGN: TRGFlickEvent","",""
"319076420238311434","carter_1478","2025-03-25T10:56:32.5950000-05:00","WTS Softcore ""Legacy of Phrecia""
==========
x100+  Vivid Vulture  - 2.2 :divine: each
x500+   Craicic Chimera - 0.4 :divine:  each
x144   Black Morrigan - 1 :divine:  each
==========
IGN:Phrecia__Carter","",""
"170865363641171968","tchoukikouneti","2025-03-25T11:02:18.4500000-05:00","WTS Softcore Legacy of Phrecia

x40 ***Vivid Watcher*** - 1.6 :divine:  each
x41  Wild Hellion Alpha - 0.6  :divine: each
x46 Wild Brambleback - 0.3  each
x32 Wild Bristle Matron - 0.8 :divine: each
 
IGN: 
```
@PitiéCokiReviens WTB BEASTS```","",""
"855048912493740072","prisonbreak5980","2025-03-25T11:28:41.5170000-05:00","WTS Softcore Phrecia
28x vivid vulture ---- 2.1 :divine: / each
24xBlack Morrigan ---- 1 :divine: / each
IGN@墨玉玉","",""
"669036785640407052","joelsaysokay","2025-03-25T11:43:48.8880000-05:00","WTS Softcore Legacy of Phrecia 

**qty **  |             **beast name**               |    **price**

20+     `Black Morrigan     `       1.5 :divine: each  
20+     `Vivid Vulture      `       2.5 :divine: each  
200+  `Craicic Chimeral   `       0.4 :divine: each  
20+     `Wild Bristle Matron`       1.0 :divine: each 

**IGN:**    @queefmonster","",""
"141314177766653952","malibumoon","2025-03-25T12:03:22.1690000-05:00","WTS Softcore Phrecia

Wild Hellion Alpha        .5 :divine:
Wild Bristle Matron        1 :divine:
Black Morrigan            1.2 :divine:
Wild Brambleback        .3 :divine:
Vivid Vulture                2.5 :divine:
Craicic Chimeral           .5 

Have 100+ stock of most

IGN: Malibu","",""
"332981626479050752","slamgod777","2025-03-25T12:04:07.8320000-05:00","WTS Softcore Legacy of Phrecia
60xYellow Beasts 2 :divine: (Stock: 4) 
IGN: sLamShadowEzy","",""
"530952766932123669","yellow_beast_s2","2025-03-25T12:26:49.0230000-05:00","WTS Softcore Legacy of Phrecia

x8     Vivid Vulture ------ 2 :divine: / each

x32     Vivid Watcher ----- 1.7 :divine:  / each

x24     Black Morrigan ---- 1 :divine:  / each

IGN @Unknown_Agony","",""
"508410116752801813","ggwow999","2025-03-25T12:44:56.4850000-05:00","~~WTS Softcore ""Legacy of Phrecia""

60x Yellow beasts - 2 :divine: ( have 2 sets)
 
IGN: @Tariffsinmyfuckingpussy~~","",""
"492399599764635648",".aveme","2025-03-25T12:59:02.5470000-05:00","WTS Softcore Legacy of Phrecia

x60 Vivid Vulture - 2.2 d  each

IGN: ssdwwee","",""
"347734236943482880","19506","2025-03-25T13:13:04.5680000-05:00","WTS Softcore ""Legacy of Phrecia""

 60 x Yellow Beasts - 2 :divine:   (Stock:3sets)

IGN: @BimBomBallista","",""
"464946693075369984","strike0655","2025-03-25T13:26:16.7830000-05:00","WTS softcore

43x black morrigan - 1 div / each

44x wild bristle matron -0.8 div /each
Ign: bigchungux","",""
"212963742282022912","yuudai8308","2025-03-25T13:36:56.0300000-05:00","WTS Softcore Legacy of Phrecia

~~x43 Vivid Vulture -   2.2 :divine:each~~
~~x17 Vivid Watcher - 1.5 :divine:each ~~
~~x3 Wild Hellion Alpha - 0.5  :divine:  each 
x17Wild Bristle Matron - 0.8 :divine:each
x63 Wild Brambleback - 0.3 :divine:each
IGN:  @ertarmar~~","",""
"197214986244849664","dreadwolf222","2025-03-25T13:56:45.3280000-05:00","WTS Softcore Phrecia

Yellow Beast set (60) 2 :divine:  each set, 4 sets available
=
IGN: @ph_agatha","",""
"731200735286525956","jokera1101","2025-03-25T14:35:08.1800000-05:00","WTS Softcore  Legacy of Phrecia
4 vivid vulture - 9divines
ign: poetwosuckdeep","",""
"713231425780056065","kenboy1476","2025-03-25T14:47:25.0640000-05:00","WTS Softcore Legacy of Phrecia

60x  Yellow Beast  - 1.5 D per set   (Stock: 4 sets)

IGN:  @KenWitchyPoo","",""
"219575668827095043","enanoendemoniado","2025-03-25T14:59:02.1100000-05:00","WTS Softcore  Legacy of Phrecia

4x Black morrigan             -    1 :divine:

IGN:  @Petisamalcriada","",""
"283023544214880257","maquix","2025-03-25T15:02:17.0520000-05:00","WTS Softcore Legacy of Phrecia 

x60 yellow beasts 2 :divine: per set (Stock: 2 sets)

IGN: MayoristaDeFiambre","",""
"107497070914449408","giorgio131","2025-03-25T15:37:39.0080000-05:00","WTS Softcore Phrecia

10x Vivid Vulture 2.2 :divine: 
4x Black morrigan 1 :divine: 
8x Vivid Watcher 1.6 :divine:
155 x Craicic Chimeral 0.4 :divine: 

IGN : @fastestflicker","",""
"345317347910877195","ward4n","2025-03-25T16:10:20.6370000-05:00","WTS Softcore Phrecia
10x Craicic Chimeral - 50 :chaos:  /ea ( half of them with chance not to be consumed on use)
4 x black morrigan 1 :divine: /ea ( half of them with chance not to be consumed on use)
4x Wild Bristle Matron - 0.8 :divine: each ( half of them with chance not to be consumed on use)
x4  Wild Hellion Alpha - 0.6 :divine:  each ( half of them with chance not to be consumed on use)
x4 Wild Brambleback - 0.3 :divine:  each 
IGN : ShadowAbusingNYGalIRAQ","",""
"568894423828791306","beton59946","2025-03-25T16:14:07.1620000-05:00","WTS Softcore Phrecia

60x yellow beast 1.5d per set   3 sets
  
IGN @Джежи_Чач","",""
"924607388819017758","petrovich82.","2025-03-25T16:15:46.7180000-05:00","WTS Softcore Legacy of Phrecia

60x yellow beast - 2d  (Stock : 9)

IGN: @Shahter_odin WTB Yellow Beasts","",""
"309024784048586754","kingyo._","2025-03-25T16:35:06.8860000-05:00","WTS Softcore Legacy of Phrecia

x12 Wild Brambleback 0.3 :divine:  each 
x15 Black Morrigan - 1.1 :divine: /ea 
x6 Wild Hellion Alpha - 0.6 :divine: /ea 
x1 Craicic Chimera - 50 ch/ea
2 sets yellow beast-1.5 d /ea 

IGN:  @meshatb_govno","",""
"676190170315489293","d.tingtong","2025-03-25T16:56:27.8560000-05:00","WTS Softcore Phrecia

24x Black Morrigan - 1 :divine: / ea

IGN : @DTiingtoong","",""
"382595295365562370",".mariishka","2025-03-25T17:47:10.9900000-05:00","WTS Softcore

~~20x Craicic Chimeral - 0.5 :divine: each  (9:divine: for all if you buy bulk)~~
~~4x Vivid Watcher - 6 :divine: for all 4~~

IGN: @Phracie","",""
"351190401568210955","codcodcod","2025-03-25T18:53:43.9940000-05:00","WTS Softcore Legacy of Phrecia

10 x Craicic Chimeral - 0.5D each

IGN: MavenSweatStacker","",""
"223850254372438016","daddysao.","2025-03-25T18:56:23.8350000-05:00","WTS Softcore Legacy of Phrecia

8 x Yellow Beast  - 1.5 :divine:  set 

IGN: phr_royalflush","",""
"194581324626001920","cocotero","2025-03-25T19:22:08.3230000-05:00","WTS Softcore Legacy of Phrecia
---

18 x Vivid Vulture 2.2 d
8 x Vivid Watcher 1.7 d
2 x Black Morrigan 1.1 d
2x Craicic Chimeral 0.4 d
16 x  Wild Bristle Matron 0.9 d
17x Wild Brambleback 0.3 d
11x Wild Hellion Alpha 0.6 d
2x 60 Yellow Beast 1.5

---
IGN: @CryCoco","",""
"492002293793816616","thebrickwall34","2025-03-25T19:22:48.8560000-05:00","WTS Softcore Legacy of Phrecia

9 x 60 Yellow Beast Sets (2.0 Div Each)

IGN: @HAHAHASMILETHENSMIRKS","",""
"492825547240374299","rogerlks","2025-03-25T20:50:34.1760000-05:00","WTS Softcore  ""Legacy of Phrecia""
60x YELLOW BEAST –2 :divine: ea  (5 SET)
ALL 9 :divine:
IGN: @spectrephrecia","",""
"564095108497014801","wesley0328","2025-03-25T21:57:43.7570000-05:00","WTS Softcore Legacy of Phrecia
132 x Craicic Chimeral  55:chaos: / ea
IGN:babycomeonfkme","",""
"350354747796226048","isolated0351","2025-03-25T22:50:11.6120000-05:00","WTS Softcore Legacy of Phrecia 

60x Yellow beast = 2div (240 stock)

Nickname ingame: @Kivodoiros","",""
"120172468672528384","szeplo","2025-03-25T23:21:43.8180000-05:00","WTS Softcore Legacy of Phrecia
 ``Stock    Beast Name             Price``
 `` 17      Black Morrigan         1.0``:divine: 
 ~~``  4      Wild Bristle Matron    0.8``~~:divine:
 ~~``  4      Vivid Watcher          1.5``:divine:
 ~~
IGN : **@Wisdoms**","",""
"115045256868790276","hup.","2025-03-26T01:00:25.5790000-05:00","WTS Softcore Phrecia

~~4x Yellow Beasts Set, 1.5 :divine: each. ~~

All Sold

LMK if you want more; bestiary is full right now. 

IGN: @lostprojmaxxer","",""
"372813224548237343","niokola_tesla","2025-03-26T02:14:04.5230000-05:00","WTS Softcore Legacy of Phrecia

~~69x Vivid Watcher --------1.6 div / ea~~
~~32x Vivid Vulture -------- 2.2 div / ea~~
32x Black Morrigan ------1.2 div / ea
8x Wild Bristle Matron --- 1 div / ea
2x Wild Hellion Alpha -- 0.7 div / ea
189x Craicic Chimeral --- 0.4 div / ea 🐸 
16x Wild Brambleback --- 0.3 div / ea

IGN : ```@NikolaBandit```","",""
"653682518171844633","nxsfuzer","2025-03-26T03:21:22.3580000-05:00","WTS Softcore Legacy of Phrecia

x30 Vivid Vulture - 2.4 divine /ea
x200 Black Morrigan - 1:divine: /ea

IGN: cachepIataungam","",""
"1088266770395176980","husky1238953","2025-03-26T03:33:17.1490000-05:00","WTS Softcore ""Legacy of Phrecia""
100 x Craicic Chimera - 60 :chaos: each
IGN:  @Phrecia_PIJO","",""
"275650442724245506","suisui5581","2025-03-26T03:41:29.1280000-05:00","WTS Softcore Phrecia

14 x Craicic Chimeral -- 0.4:divine:  / each 
12 x Black Morrigan -- 1 :divine:   / each
14 x Vivid Vulture -- 2.1 :divine:    / each

IGN :@費西亞_屁股大大心狠手辣","",""
"338596181687140353","rabbitsfoot1027","2025-03-26T03:46:49.3440000-05:00","WTS Softcore ""Legacy of Phrecia""

x60 Yellow Beasts 1.5 :divine: per set (Stock : 9 sets)

IGN: @RabbitsFPhrecia","",""
"1143645715097194636","illaoi._","2025-03-26T04:03:03.1100000-05:00","WTS Softcore Phrecia
42 x Craicic Chimeral -- 0.4  div / each 
24 x Wild Hellion Alpha -- 0.7  div / each
26 x Wild Bristle Matron -- 0.9 div / each
18x Black Morrigan -- 1 div / each","",""
"175966280665268227","fortyfive.","2025-03-26T04:44:01.3500000-05:00","WTS Softcore ""Legacy of Phrecia""

x60 Yellow Beasts 2 :divine:  per set (Stock : 4 sets)
x 7 vivid watcher 1.4 :divine:  each

IGN: @Jalam_Bitorah","",""
"588595458595749912","2hyo.","2025-03-26T07:18:19.0760000-05:00","~~WTS Softcore Phrecia 

x60 Yellow Beasts - 1.5 :divine:  (3 sets)

IGN: @수스_이숭간~~","",""
"403166329428770817","_agwg","2025-03-26T08:54:10.0920000-05:00","~~WTS Softcore Legacy of Phrecia
60x YELLOW BEASTS - 1.5  :divine: (4 sets)

IGN:setphr_shadow~~","",""
"1046848836045385858","mursilli","2025-03-26T08:57:51.7190000-05:00","WTS Softcore Legacy of Phrecia

x20 Vivid Vulture -   2.2 :divine:each
~~x62 Vivid Watcher - 1.6 :divine:each~~
~~x24 Wild Hellion Alpha - 0.5 :divine:  each~~
~~x8 Black Morrigan - 0.9 divine  each~~
129x Craicic Chimeral  0.35 Div each 
6 x Wild Bristle Matron -- 0.7 div / each


IGN: Phrecia_DiepLam","",""
"379099411768279042","gregor_y","2025-03-26T09:17:50.7760000-05:00","WTS Softocre Phrecia

54x Vivid Vulture - 2.5 :divine:  each
41x Black Morrigan - 1.1 :divine: each
106x Craicic Chimeral - 0.35 :divine: each
16x Vivid Watcher - 1.7 :divine: each
31x Wild Bristle Matron - 0.8 :divine: each

IGN: `@MoltenStrikeBitch LF Beasts`","",""
"295871772698607629","agonistik","2025-03-26T10:11:42.1730000-05:00","WTS Softcore Legacy of Phrecia

x1400 Craicic Chimeral - 0.6 :divine: each

IGN:  Agonist___","",""
"218343009308246016","asp5911","2025-03-26T11:14:07.5160000-05:00","WTS Softcore ""Legacy of Phrecia""
53 x Wild Hellion Alpha - 0.5 :divine: /ea
28 x Wild Bristle Matron - 0.7 :divine: /ea 

IGN: @맵핑개빠른믕성이","",""
"985936610958917633","kuzdui2","2025-03-26T11:30:52.0980000-05:00","WTS Softcore Legacy of Phrecia

x29 Vivid Vulture -   2 :divine:each
~~x56 Vivid Watcher - 1.7 :divine:each~~
x44 Wild Hellion Alpha - 0.5  :divine:  each
x29 Wild Bristle Matron - 0.8 :divine:each
x24 Wild Brambleback - 0.3D each
~~x30 Black Morrigan - 1.1d  each~~
~~526 x Craicic Chimeral - 0.35d each~~

IGN: FubDui","",""
"207963121636081664","warrioravi","2025-03-26T11:33:15.1620000-05:00","~~WTS Softcore 
60x Yellow Beasts - 1.8 divine
IGN: `ProjectWildKitten`~~","",""
"248517613825556480","spinzter","2025-03-26T11:41:17.5770000-05:00","WTS Softcore Phrecia
27x Wild Bristle Matron - 0.7 :divine: ea
ign @KoiranpaskaEnjoyer","",""
"185778924788252672","jeduo92.","2025-03-26T12:01:57.5660000-05:00","WTS Softcore Legacy of Phrecia


~~17 x Craicic Chimeral - 0.35 :divine:  each~~
~~ 16 x Black Morrigan - 1 :divine: each~~


IGN: QueenStrength","",""
"1082276505268269086","sadautumn","2025-03-26T12:52:53.8710000-05:00","WTS Softcore Phrecia
~~260 x Craicic Chimeral -- 0.35  div / each~~
17 x Wild Hellion Alpha -- 0.6  div / each
~~42 x Wild Bristle Matron -- 0.8 div / each~~
~~8 x Black Morrigan -- 1 div / each~~
~~109 x Vivid Watcher -- 1.5 div / each~~
~~138 x Vivid Vulture -- 2.1 div / each~~
IGN : @FurinaVI","",""
"390698173691330560","blackfedex","2025-03-26T13:37:41.0700000-05:00","WTS Softcore Legacy of Phrecia
~~x12 Vivid Vulture - 2.2 :divine: /ea~~
x9 Vivid Watcher - 1.7 :divine: /ea
~~x10 Wild Bristle Matron - 0.8 :divine: /ea~~
x9 Wild Brambleback - 0.3 :divine:ea
~~x10 Wild Hellion Alpha - 0.7 :divine: /ea~~
x3 Craicic Chimeral --- 0.5 div/ ea

IGN: @CptImpotent","",""
"1124117805751599148","ksa_20","2025-03-26T14:05:59.6130000-05:00","WTS Softcore ""Legacy of Phrecia""


x59Craicic Chimeral - 0.4d   each

IGN: @the_shadowman","",""
"279707567742124053","itzwolfy","2025-03-26T14:58:27.6060000-05:00","WTS Softcore ""Legacy of Phrecia""

60x Yellow beasts -2 :divine:{Stock: 2 set(s)}
 
Dm: @WolfyGoKaboom Yellow Beasts X set(s)","",""
"211245543219789825","pickmaster92","2025-03-26T14:59:42.9880000-05:00","~~WTS Softcore Legacy of Phrecia

x20 craicic chimeral - 0.4 :divine: /ea

ing: @EndgamePick~~","",""
"925063991716376626","stopz1734","2025-03-26T15:19:44.6570000-05:00","WTS Softcore ""Legacy of Phrecia""
60x Yellow Beasts :  1divine 60chaos /set (15 sets available)
IGN : @Dekkak WTB Yellow Beast Set","",""
"172423486893981696","knockudead","2025-03-26T15:29:25.3510000-05:00","WTS Softcore Phrecia

x99 Yellow Beasts - 3 :divine:
x4 Vivid Vulture - 2.25 :divine: each
x6 Craicic Chimeral - 0.4 :divine: each

IGN: @AkuraPride","",""
"730206015559303219","weamon_","2025-03-26T16:34:33.0010000-05:00","WTS Softcore Legacy of Phrecia

x40 Craicic Chimeral - 0.5 div /ea
x34 black morrigan - 1 div /ea

IGN: @WeamoN","",""
"291653725020225536","sparrie83","2025-03-26T17:00:10.4380000-05:00","WTS Softcore Phrecia

60x yellow beast 2 :divine:  40 sets

100x craicic chimeral 0.5 :divine: 
20x vivid vulture 2.5 :divine: 
20x black morrigan 1 :divine: 
20 wild brittle matron 1 :divine:
20x wild hellion alpha 0.6 divine

IGN   Adrenalinux","",""
"305762997391982594","beast4880","2025-03-26T17:27:39.7280000-05:00","WTS Softcore Legacy of Phrecia

60x  Yellow Beast  - 2:divine:     per set   (Stock: 3 sets)
IGN: FlickFlickzxc","",""
"948051833362993232","kamher22","2025-03-26T17:51:14.8020000-05:00","WTS Softcore Legacy of Phrecia

7 x Wild Brambleback 0.3 div each
14 x  Wild Bristle Matron - 0.6 div each

IGN: @KamGotBaited","",""
"132935194322665472","pedrosupreme","2025-03-26T20:48:02.8860000-05:00","WTS Softcore Legacy of Phrecia

x9 Black Morrigan - 1.1d  each
x9 Craicic Chimeral - 0.4D each

@PH_MamatsuNoPapai","",""
"1339775621928058963","0399893622","2025-03-26T21:06:31.4790000-05:00","WTS Softcore Legacy of Phrecia


x14  Vivid Watcher - 1.7 div / each
x40  Wild Hellion Alpha - 0.7 div / each

~~x240 Craicic Chimeral - 0.5 div/ each ~~

min 20 plz  (DM discord if im not ONLINE)
IGN: buonbuon","",""
"213710412963774465","bmaffin13","2025-03-27T01:53:26.6780000-05:00","WTS Softcore - Legacy of Phrecia - Yellow Beasts

60x Yellow Beast for 2:divine:   (stock: 22 sets)

IGN:  @Muff_Diver__","",""
"1148396782951338035","theras88","2025-03-27T03:30:21.2400000-05:00","WTS Softcore Phrecia

60 yellow beasts - 2 :divine:/set  (Stock: 1 sets) 

IGN: @therrras WTB Yellow beasts","",""
"437759032200003585","zetoval","2025-03-27T03:32:28.3050000-05:00","WTS SOFTCORE PHRECIA

X28  Vivid Vulture                  - 2.5d each
X30  Wild Hellion Alpha        - 0.7d each
X26  Wild Bristle Matron      - 0.9d each
X20  Wild Brambleback        - 0.3d each

IGN @JuulPod","",""
"388726104611094528","efraim37","2025-03-27T04:39:16.3000000-05:00","WTS Softcore Legacy of Phrecia 

x60 yellow beasts 1.5 :divine:per set (Stock: 10 sets)

IGN: @Пивкабыла","",""
"252048011172118539","nastynef","2025-03-27T05:13:33.4010000-05:00","WTS Softcore Legacy Of Phrecia

22 Black Morrigan      1 Div Each
19 Craicic Chimeral    .04 Div Each

IGN: NefTheDoomerBoomer","",""
"343117805249495040","mitko2404","2025-03-27T05:52:40.8110000-05:00","WTS Softcore
14x matron - 0.6 :divine: each
x40 Wild Brambleback - 0.15 :divine: each
 IGN: TheEndingDance","",""
"681181462585671901","asong2638","2025-03-27T06:13:36.7850000-05:00","WTS Softcore Legacy of Phrecia


20x Black Morrigan ------0.9div / ea

IGN: @觘基掰一堆拉基新昇華害我她媽的練錯塞林娘機掰","",""
"852587440984162376","_lubu69","2025-03-27T06:20:46.1120000-05:00","WTS Softcore Legacy of Phrecia

x16 Craicic Chimeral - 0.4 :divine: each
x4 Vivid Vulture - 2.5 :divine: each



IGN: DingDongProphet","",""
"382874793927770113","y.yak_kiowy","2025-03-27T07:06:27.1300000-05:00","WTS Softcore Phrecia
x21        Black Morrigan --- 1 :divine: / each
x4         Wild Bristle Matron -- 0.8 :divine:  / each
ign : @SpinToAin","",""
"325268514782838788","phalanx1207","2025-03-27T08:42:12.0890000-05:00","WTS Softcore ""Legacy of Phrecia""

Yellow Beasts 60x 2 :divine:

IGN: Phrecia_Phalanx","",""
"810345702885949451","zysl.","2025-03-27T09:39:11.4140000-05:00","WTS Softcore ""Legacy of Phrecia""
x4 -Vivid Watcher - 1.6 div/each
X28   Wild Brambleback        - 0.3:divine:  each
x8        Black Morrigan      - 1.0 :divine: / each
x11       Wild Bristle Matron  - 0.7 :divine:/ each
 X111      Fenumal Plagued Arachnid- 10c/each           x18=1D
IGN: DAVIDZh","",""
"273159116795543552","ther1se","2025-03-27T10:43:54.1690000-05:00","WTS Softcore Legacy of Phrecia

x16 Black Morrigan - 0.9 :divine:  each
~~x8 Vivid Watcher - 1.5 :divine:  each~~

IGN: LightningNaval","",""
"445542950726795274","lateautumn08","2025-03-27T10:56:58.9840000-05:00","WTS Softcore Legacy of Phrecia

60 yellow beasts - 1.5 :divine: ( 14 set )

IGN : Alpha_owner","",""
"125807113569042432","ihasamoose","2025-03-27T11:51:36.2960000-05:00","WTS Softcore Phrecia
101x Black Morrigan - 150:chaos:  / Each
38x Wild Bristle Matron - 125:chaos: /Each

@MooseSurfer","",""
"272132645146722314","dhananjay","2025-03-27T13:28:48.6090000-05:00","WTS Softcore Phrecia
Yellow Beasts - 2 :divine: / set ( 6 sets )
IGN: _me_n_the_bois_Phrecia","",""
"300359828650459138","blackbbit","2025-03-27T15:20:46.9310000-05:00","WTS Softcore Legacy of Phrecia
X13 Wild Bristle Matron    -0.6:divine:  EACH 
X6 Wild Brambleback -0.3 :divine:  each
X22 Wild Hellion Alpha - 0.4 :divine:  each
X3 Black Morrigan - 1 :divine:each 
IGN:@沙發兔兔毛毛多到在你家掉毛一直毛掉","",""
"1091752123185774642","simfo_boris","2025-03-27T17:02:25.6780000-05:00","WTS Softcore ""Legacy of Phrecia""
Yellow beasts 60x - 2 Div  (stock: 10 set)

IGN: Молодий","",""
"137287011332653057","racialz","2025-03-27T18:22:09.1350000-05:00","WTS Softcore Legacy Of Phrecia
8 x Vivid Watcher            -   1.5 :divine:  Each
24 x Wild Brambleback - 35 :chaos: Each

Ign: Asa_Hecksanctum","",""
"984609806440607794","icream.long","2025-03-27T18:26:12.8440000-05:00","WTS Softcore Legacy of Phrecia

x50 Wild Bristle Matron - 0.7 :divine: each
 
IGN: 
@ViBanCuaToLaCauNho WTB BEASTS","",""
"216283558958989312","lotus2510","2025-03-27T19:20:38.9730000-05:00","WTS Softcore Legacy of Phrecia

x9 Vivid Watcher - 1.1 :divine: EA
x15 Wild Bristle Matron - 0.7 :divine:EA
x23 Wild Hellion Alpha - 55  :chaos:
x84 Wild Brambleback - 30 :chaos: EA
x60 Yellow beast - 1.5 :divine:  (Stock 10)

IGN: LotusProfeta","",""
"362785315049439256","ezek2","2025-03-27T19:22:59.0890000-05:00","WTS Softcore Legacy of Phrecia

x8 Wild Bristle Matron 0.8 :divine:  each
x8 Black Morrigan   8 :divine: each
IGN: EzeK","",""
"204671916542394368","vaporized4681","2025-03-27T19:44:22.9390000-05:00","WTS Softcore Phrecia

x56 Black Morrigan - 0.9 :divine:

IGN: @ActuallyPoor","",""
"477834341544624129","intiz","2025-03-27T20:05:18.0910000-05:00","WTS Softcore

42x Black Morrigan - 0.9 :divine: / ea (37 :divine:  for all)

IGN: @PrinciplesOfProgramming","",""
"357970371250749442","flexfit21","2025-03-27T21:10:55.4930000-05:00","WTS Softcore Legacy of Phrecia
x4 Vivid Vulture -   3.5 :divine:each
x13 Wild Bristle Matron - 110 :chaos: each
x9 Wild Brambleback - 30:chaos: each
X6 Hellion Alpha .7 :divine: each
x5 Vivid Watcher 1.6 :divine: each


IGN: ByeeeeeePhrecia","",""
"205423343401304064","shadowedangel12","2025-03-27T21:16:35.5350000-05:00","WTS Softcore Legacy of Phrecia

x37 Fenumal Arachnid - 12c each
x8 Vivid Watcher - 1.7 Div each
x16 Vivid Vulture - 4 Div  each
x19 Craicic Chimeral - 0.5 Div each

x60 Yellow Beast (25 sets) - 2 Div each","",""
"189200227939385344","toumtoum_qc","2025-03-27T23:28:50.5780000-05:00","WTS Softcore ""Legacy of Phrecia""
 ``Stock    Beast Name             Price``
 ``12       Wild Bristle Matron      0.8``:divine:
 ``30       Wild Brambleback         0.3``:divine:


IGN : **@OOMageddon** Wtb beasts","",""
"116789547085463557","goodwin64","2025-03-27T23:36:21.9760000-05:00","WTS Softcore ""Legacy of Phrecia""

5x Black Morrigans - 150c  Each
2x Vivid Watcher - 2 :divine: Each
2x Wild Hellion Alpha - 0.5 :divine: each

60x Yellow Beasts - 2 :divine: Each (11 Sets)

IGN: GoodwinLS","",""
"333178369061421056","drake2727","2025-03-27T23:48:12.9540000-05:00","WTS Softcore ""Legacy of Phrecia""
 Stock    Beast Name             Price 
 
58 Vivid Vulture                 4 :divine:each


IGN : Drakedoesele","",""
"231892883681050624","gutocaps","2025-03-28T00:10:33.7040000-05:00","WTS Softcore Legacy of Phrecia

x60 Yellow Beasts (2 sets) - 2:divine:/set

IGN: Baggans","",""
"137042184309309440","deseria","2025-03-28T00:33:12.7910000-05:00","WTS Softcore ""Legacy of Phrecia""

120x Black Morigans - 0.9:divine: ea (Min: 5)
21x Vivid Vultures - 3.5 :divine:  ea
70xWild Bristol Matron  - .8 :divine: ea
24x Alphas - 0.5 d ea
5x Watchers - 1.5d ea
48x Craicis - 0.5d ea 

IGN : Katsomi","",""
"572081679133442048","mafiagalaxy","2025-03-28T01:42:18.4710000-05:00","WTS Softcore Legacy of Phrecia

~~x16 Vivid Watcher - 2d/each~~
~~x10 Wild Bristle Matron - 0.7d/each~~
x4 Wild Brambleback - 0.3d/each
x20 Craicic Chimeral - 0.5d/each
x8 Black Morrigan - 1d/each

**IGN**:  MafiaPhrecia","",""
"379939337527361536","johhnypooh","2025-03-28T02:41:34.4020000-05:00","WTS Softcore Phrecia
                -/-
x69  -Black Mórrigan - 1 div/each 
x56 -Wild Bristle Matron - 0.8 div/each 
x59 -Wild Brambleback - 0.2 div/each
                -/-
@KBonita","",""
"377884099236462597","gab_o_gg","2025-03-28T02:43:32.1550000-05:00","WTS Softcore ""Legacy of Phrecia""

 60 x Yellow Beasts - 1.5 :divine:   (Stock: 7sets)

IGN: @LoP_Flickerzada","",""
"1329234452706234419","asdhfshjgsa","2025-03-28T03:08:42.3150000-05:00","WTS Softcore Phrecia

~~8x Vivid Vulture - 3 :divine: /each~~
10x Wild Brambleback - 30 :chaos: /each
17x Hellion Alpha - 0.6 :divine: /each
15x Wild Bristle Matron - 0.7 :divine: /each
5x Vivid Watcher  - 1.5 :divine: /each

IGN: @Wound","",""
"218277975500521472","pipolea","2025-03-28T03:41:13.8010000-05:00","WTS Softcore Legacy of Phrecia

49x Sawawal, First of the Sky 40 :chaos:/ea
IGN: Auto_siphon","",""
"360929084727099402","bornokun","2025-03-28T05:14:56.7440000-05:00","WTS Softcore ""Legacy of Phrecia""
Yellow Beasts 60 x - 2 :divine: (stock: 2 sets) 

IGN: CrimsonMisti","",""
"228942289815207936","boostedfalafel","2025-03-28T05:20:00.9170000-05:00","WTS Softcore ""Legacy of Phrecia""

14x Black Morigans - 0.8 :divine: ea (Min: 5)
20x Vivid Vultures - 3.6 :divine:  ea
x23 Craicic Chimeral - 0.4 :divine: each

IGN : Rioooooot","",""
"476804723534725143","tomppa047","2025-03-28T06:03:48.3860000-05:00","WTS Softcore Legacy of Phrecia


YELLOW BEASTS - 1.5 divine each (8 SETS)

IGN: Bubletries","",""
"203178949059018752","ineedmoregains","2025-03-28T06:22:51.2890000-05:00","WTS Softcore Phrecia

Some has blood altar buff lol

x9 Craicic Chimeral - 0.5 :divine: each
x17 Wild Brambleback  0.2 :divine: each
x13 Wild Bristle Matron - 0.8 :divine: each


IGN: @JIQQ wtb beast","",""
"590783402672783361","abcxyzanhis","2025-03-28T07:11:52.1340000-05:00","WTS Softcore Legacy of Phrecia
x50 Wild Hellion Alpha - 0.7:divine: /ea
x40 Wild Brambleback - 0.3 :divine:ea
x30 Wild Bristle Matron - 0.8 :divine: each
x40 Vivid Watcher - 1.8 divine /ea
x200 Craicic Chimeral - 0.5:divine: /ea
x100 Black Morrigan - 0.9 :divine: /ea

IGN: chayngaynhanhlen","",""
"210839716847812608","not.tiago","2025-03-28T07:15:58.9900000-05:00","(SOLD) WTS Softcore (Legacy of Phrecia)

60x yellow beasts - 1.4 Div 

IGN: @Carlyes","",""
"132057821343645696","kenyeung","2025-03-28T07:34:00.5660000-05:00","WTS Softcore Legacy of Phrecia

~~x18 Vivid Vulture - 4:divine: EA~~
x19 Vivid Watcher - 1.8:divine: EA
x13 Wild Bristle Matron - 110:chaos:  EA
x2 Wild Hellion Alpha - 0.6:divine: EA
x25 Wild Brambleback - 30:chaos: EA

IGN: Keria_WWB","",""
"143741301005877248","tiramisu__","2025-03-28T07:49:31.3280000-05:00","~~WTS Softcore Legacy of Phrecia~~

~~x60 yellow beasts - 1.5:divine:    (5 sets)~~

~~IGN: TiramisuAnemone~~","",""
"260191352355029003","ian2353","2025-03-28T09:23:36.1210000-05:00","WTS Softcore Legacy of Phrecia

60x :ArksusGold: Yellow Beast:ArksusGold:  - 1.5:divine: per set   (Stock: 14 sets)

IGN:  @GrumpyMuscles","",""
"562317055563399205","king_manager","2025-03-28T11:15:39.8010000-05:00","WTS Softcore ""Legacy of Phrecia""
157 x Vivid Vulture -  4 :divine: / ea 
~~120 x Vivid Watcher - 1.5 div /ea~~
~~156 x Wild Hellion Alpha - 0.6 :divine: /ea~~
74 x Wild Bristle Matron - 0.7 :divine: /ea 
50 x Wild Brambleback - 30 :chaos: /ea
~~51 x Craicic Chimera - 50 c /ea < 0 - 40%>
 16 x Black morigan - 0.8 div  /ea <0 - 40%>~~
IGN: @Mailabu","",""
"404678336158367755","manhtung2912","2025-03-28T11:24:25.7670000-05:00","WTS Softcore Legacy of Phrecia

x76        Vivid Watcher        - 1.9 :divine: / each
x20         Vivid Vulture        - 3.9 :divine: / each

IGN: Eve_AppleMeoMeo","",""
"190268582846791680","akosierin","2025-03-28T11:40:13.7790000-05:00","WTS Softcore

~~x4 vivid vulture - 3.5 div ea~~
x10 black morrigan - 9 div for all
~~x8 craicic chimerla - 0.5 div ea~~
x10 hellion alpha - 0.7 div ea

ign: pedropendukot","",""
"171955993935085568","xen._","2025-03-28T13:49:03.5750000-05:00","WTS Softcore Legacy of Phrecia
====

12 sets yellow beasts : 22 :divine: 

```@PiouPiouJeVaisVite hello WTB your beasts```","",""
"767054928849141812","xx.kiex.xx","2025-03-28T14:59:36.2130000-05:00","WTS Softcore ""Legacy of Phrecia""

4 x Vivid Watcher - 1.9:divine: 
18 x Wild Brambleback 0.2 :divine: 
18 x  Wild Bristle Matron - 0.6 :divine: 
36 x Wild Hellion Alpha - 0.7 :divine: 

IGN: @KineticalyBustin","",""
"799736657955520582","moncaomoe","2025-03-28T15:06:31.1910000-05:00","WTS Softcore Legacy of Phrecia 

x60 yellow beasts 2  :divine: per set (Stock: 2 sets)

IGN: @UnknownFaul","",""
"631356436902969365","philip015_","2025-03-28T15:44:07.7150000-05:00","WTS Softcore Legacy of Phrecia

x300 Black Morrigan - 1 :divine: | each
x34 Vivid Vulture - 4 :divine: | each

IGN:@KebabPhreak","",""
"188671120457728000","dorcik","2025-03-28T16:07:18.0940000-05:00","WTS Softcore Legacy of Phrecia

17x Vivid Watcher - 1.7 div / ea
14x Wild Bristle Matron - 0.8 div / ea
9x Wild Bramblejack 0.2 div / ea

IGN: BestiaTGK","",""
"584312159127994381","felixryker","2025-03-28T16:23:19.2510000-05:00","WTS Softcore Legacy of Phrecia

x60 Yellow beast - 2 :divine:  - 5+ in stock
IGN: LiveMind","",""
"199136446743969792","qocureq","2025-03-28T16:25:14.4210000-05:00","WTS Softcore Legacy of Phrecia

30x Vivid Vulture - 4 div each
8x Vivid Watcher - 1.7 div each
50x Black Mórrigan - 1 div each
36x Wild Bristle Mattron - 0.8 div each
24x Wild Hellion Alpha - 0.7 div each
144x Craicic Chimeral - 0.5 div each

IGN: Kocur_ASA","",""
"630371696821403698","casteil7943","2025-03-28T16:36:18.9480000-05:00","WTS Softcore Legacy of Phrecia

230x Craicic Chimera - 0.4 :divine: each
3x Wild Bristle Matron - 0.9 div ea
IGN: ЕбачьКошачий","",""
"115757236193722377","fluffypandy","2025-03-28T16:59:03.7740000-05:00","WTS Softcore Legacy of Phrecia

10x Vivid Vulture - 4 :divine: ea
16x Vivid Watcher - 2 :divine: ea
20x Black Morrigan - 0.9 div ea
18x Wild Bristle Matron - 0.8 div ea
24x Wild Hellion Alpha - 0.7 div ea
20x Craicic Chimeral - 0.5 div ea

IGN: BoolionGirl","",""
"261176695271194627","nik7229","2025-03-28T17:12:33.3130000-05:00","WTS Softcore Legacy of Phrecia

x28 Black Morrigan 20 :divine: for all 28
IGN: finallypoea","",""
"1182617231927033859","omaicay","2025-03-28T18:35:12.8800000-05:00","WTS Softcore  Legacy of Phrecia

70+ Wild Bristle Matron  -   0.7   :divine: 
70+ Wild BrambleBack    -   0.2  :divine: 
70+ Wild Hellion Alpha    -   0.7  :divine:
IGN:  @ThanMo WTB beast","",""
"781745465595002952","blueshadower","2025-03-28T18:38:15.2300000-05:00","WTS Softcore Legacy of Phrecia

x10 Vivid Watcher - 1.6 :divine:each
x24 Black Morrigan - 1  :divine:  each
~~x100 Craicic Chimeral 0.5  :divine: each~~
YELLOW BEASTS x60 - 1.5 divine each (3 SETS)

IGN: XIXI_PS","",""
"136116995044278272","puppy228","2025-03-28T18:46:06.2440000-05:00","WTS Softcore Phrecia

60x YELLOW BEAST SET – 1.5  :divine:  each (8 sets)

IGN: pp_scav","",""
"190088849811046401","shaemis","2025-03-28T18:49:42.8760000-05:00","WTS Softcore Legacy of Phrecia

60x Yellow Beasts -  2 :divine:  (stock: 60 sets) - fast trades!

IGN: ShaeLoP","",""
"356748454330105856","paganicus","2025-03-28T19:26:06.9440000-05:00","WTS Softcore Legacy of Phrecia
60x yellow beasts - 1.5   (stock: 24 sets) 
IGN: TeethRobbaJr","",""
"217128766420418561","legowaffle","2025-03-28T19:51:53.3740000-05:00","WTS Softcore Legacy of Phrecia

8x Vivid Vulture - 4d/each
15x Black Morrigan - 140c/each
240x Yellow Beasts - 2d/60

IGN: BromburTheBrutal","",""
"358162415000748033","sdj613","2025-03-28T21:37:50.0190000-05:00","WTS Softcore Phrecia

60 yellow beasts - 2 :divine:  ( Stock : 2 sets ) 

IGN: @RU_Whisper","",""
"116692518564921344","zorenith","2025-03-28T22:20:47.0020000-05:00","WTS Softcore ""Legacy of Phrecia""

12 x Vivid Watcher - 1.8 :divine:each
13 x Vivid Vulture - 3.9 :divine: each
5 x  Wild Bristle Matron - 0.6 :divine:each
8 x Wild Hellion Alpha - 0.7 :divine:each

IGN: @ZoreWhisper","",""
"132441322035478528","curtie.","2025-03-28T22:23:08.9640000-05:00","WTS Softcore ""Legacy of Phrecia""

Stock: 8  Vivid Vulture         3.7 :divine: each
Stock: 4   Vivid Watcher         1.9 :divine:  each

IGN: @Curtie_ASA","",""
"237522892135464961","encl4ve","2025-03-28T23:27:59.5560000-05:00","WTS Softcore Legacy of Phrecia

x58 Vivid Vulture - 4 Div each
x8 Vivid watcher - 2 Div each
x50 Wild Hellion Alpha - 0.7  Div  each
x72 Wild Bristle Matron - 0.8 Div each
x81 Black Morrigan - 1 Div  each
x36 Craicic Chimeral - 0.5 Div each

IGN: @Pochita_Z","",""
"1174358469013405736","bigtotes37","2025-03-29T01:14:49.8930000-05:00","WTS Softcore Legacy of Phrecia


300+ Vivid Watcher - 2  div each

IGN: 
Bigtotes_goesrogue","",""
"510394415345434624","kreeta_","2025-03-29T02:46:57.4590000-05:00","WTS Softcore Legacy of Phrecia

x12 Vivid Vulture - 3.7 :divine:  each (all 44 :divine: )
x4 Wild Bristle Matron 0.8 :divine: 
IGN : Scion_Everything","",""
"103489720960450560","killziky","2025-03-29T02:58:04.9180000-05:00","WTS Softcore Legacy of Phrecia

26 x Black Morrigan - 0.9 :divine: each
56 x  Wild Bristle Matron - 0.6 :divine:each
32 x Wild Hellion Alpha - 0.6 :divine:each

IGN: @ephrecktion","",""
"223934279179173900","hojjah","2025-03-29T03:07:14.1440000-05:00","WTS Softcore Legacy of Phrecia

6x                  Yellow Beasts                  2 :divine: Each set 

IGN: @Tuttarna","",""
"1347119227747827793","hoami914","2025-03-29T03:52:01.9190000-05:00","WTS Softcore Legacy of Phrecia

x90 Vivid Vulture - 3.6 div each  
 
IGN:  @MiaoMiaoAgain","",""
"482166785957953558","chaps73","2025-03-29T03:52:27.3450000-05:00","WTS Softcore Legacy of Phrecia

60x Yellow Beasts (set) -  1.5 :divine: / set (stock: 16 )

IGN : @Chaps_Phrecia","",""
"663478316967395374","f13red","2025-03-29T05:24:42.6920000-05:00","WTS Softcore ""Legacy of Phrecia""

Yellow Beasts 60x 2 :divine: (7 set) each 

IGN: Seks_Dziewczyna_Sapera","",""
"1103037505265205248","suongqua.","2025-03-29T05:45:36.6090000-05:00","WTS Softcore ""Legacy of Phrecia""

`100   Vivid Vulture         `4 :divine: each
`100   Vivid Watcher         `1.9 :divine:  each
`100   Wild Brambleback      `0.2 :divine:  each
`100   Wild Hellion Alpha    `0.5 :divine:  each

IGN: Nghienruou","",""
"388520464189751297","jehjeh","2025-03-29T06:20:35.2940000-05:00","WTS Softcore Legacy of Phrecia

x49 Black Morrigan - 1 div/ ea

ign: jungleryanbaiting","",""
"466141630722998272","makki8839","2025-03-29T06:21:27.6920000-05:00","WTS Softcore Legacy of Phrecia

x11 Vivid Vulture - 3.9 :divine: each  - 40 :divine: for all
x16 Vivid Vulture - 1.9 :divine: each  - 26 :divine: for all

IGN: @LiVip","",""
"1345950491280019498","lucky_w0223","2025-03-29T06:36:37.2860000-05:00","WTS Softcore Legacy of Phrecia

x18 Wild Hellion Alpha - 0.5  Div  each
x62 Wild Bristle Matron - 0.6 Div each
x25 Wild Brambleback - 0.2 Div each

IGN: @Div_w","",""
"348460220164341762","t.ommy","2025-03-29T06:48:09.0610000-05:00","WTS Softcore Legacy of Phrecia

Vivid Vulture (Stocks:2500+)
5:divine: Each or 180/1 :mirror1: 

Min Trade 60 beast

IGN:
```@Hsiuu WTB VV ```","",""
"242954916723818496","fericc","2025-03-29T07:21:09.5470000-05:00","WTS Softcore Legacy of Phrecia
x6 Vivid Vulture - 4:divine:  each
IGN:@akkunRF","",""
"588663728808001536","piyeong.","2025-03-29T07:27:10.6400000-05:00","WTS Softcore Legacy of Phrecia
yellow beast set - 1.5 :divine:  each
IGN : @알프에요 wtb yellow beasts","",""
"157983269000839168","biga0784","2025-03-29T07:32:14.1840000-05:00","WTS Softcore Legacy of Phrecia

yellow beast: 1.5div/60 yellow beast 10set

IGN:AhNONNONNON","",""
"828680806783778837",".niubaba","2025-03-29T07:38:51.1710000-05:00","WTS Softcore Legacy of Phrecia

Yellow beasts x60- 1.8 :divine: /set (stock: 60+ sets)

IGN: @喂涼介你可不可以幫我我想買奔馳","",""
"319250522949550081","bornheld","2025-03-29T07:57:47.2120000-05:00","WTS Softcore Legacy of Phrecia

fast trade

🐯 x60 Yellow beasts 1.8 :divine: each set (11+ sets in stock)

IGN: @tryingsanctum_lop  WTB Yellow beasts","",""
"825988819073368095",".notended","2025-03-29T08:03:36.0090000-05:00","WTS Softcore Legacy of Phrecia

x120   Black Morrigan    - 1.0 :divine:  each

IGN: xjt_facai","",""
"300555716421353472","budgetloop","2025-03-29T08:20:56.4590000-05:00","WTS Softcore Legacy of Phrecia 

x60 yellow beasts 2 :divine:per set (Stock: 2 sets)

IGN: @NotShkeeka","",""
"253253160901017600","qwalle84","2025-03-29T08:30:28.4770000-05:00","WTS Softcore Legacy of Phrecia

29x Black Morigans - 0.8 :divine: each (Min: 5)

IGN : Exiledqw","",""
"1064196593621938176","tien01328","2025-03-29T08:34:38.3150000-05:00","WTS Softcore Legacy of Phrecia

x64 Vivid Vulture - 4 div each  - 256div for all
x2   Black Morrigan    - 1.0 :divine:  each
 
IGN:  @banhbaokhongnhan","",""
"762640876853133313","jayhoisun","2025-03-29T09:07:42.1310000-05:00","WTS Softcore ""Legacy of Phrecia""

x22 Vivid Vulture -  3.9 :divine:  each
x4 Vivid Watcher - 2  :divine:  each 
x20  Wild Hellion Alpha - 0.7 :divine:  each
x40 Wild Brambleback - 0.3  :divine: each
x20 Wild Bristle Matron - 0.7 :divine: each
x40 Black Morrigan - 1 D  each
x40 Craicic Chimeral - 0.5 D each

IGN: @jhsix","",""
"888706004257234984","wsm7715","2025-03-29T09:15:01.0680000-05:00","WTS Softcore ""Legacy of Phrecia""

~~x22 Vivid Vulture -  4 :divine:  each~~
x36 Vivid Watcher - 1.9  :divine:  each 
x86 Black Morrigan - 0.8 D  each

IGN: @erzhuan","",""
"356804803990650883","leeseokju_","2025-03-29T09:35:30.2190000-05:00","WTS Softcore Legacy of Phrecia

x60 Yellow Beasts -  2 :divine:  (stock: 6 sets)

IGN: @CardSlash","",""
"296793012502265866","onlyonetruealpha","2025-03-29T09:41:30.7090000-05:00","WTS Softcore ""Legacy of Phrecia""

Yellow Beasts 60 x 2 :divine: each set  (stock: 16 sets)

IGN: @Kaehii","",""
"1295620695786782786","diven05479","2025-03-29T09:44:26.6500000-05:00","WTS Softcore Legacy of Phrecia

x12 Vivid Vulture -  4 :divine:  each 

IGN: @还得是蘑菇地雷","",""
"292676561142808586","paranoia0319","2025-03-29T09:48:15.3140000-05:00","WTS Softcore ""Legacy of Phrecia""

2 x Black Morrigan - 1d each
20 x Vivid Vulture - 4d each
2x  Wild Bristle Matron - 0.7d each
4 x Wild Hellion Alpha - 0.7d each

IGN: @DivineBoi_Phrecia","",""
"74013477764595712","brumbobaggins","2025-03-29T09:58:13.5360000-05:00","WTS Softcore Legacy of Phrecia
4x Black Morrigan- 1 :divine:  each
11x Farrul, First of the Plains- 40 :chaos: each/ 2 :divine: all
60x Yellow Beasts- 2 :divine: (2 sets)

IGN: @ISureLoveCoC","",""
"341150791295434759","benny_g","2025-03-29T10:01:28.6450000-05:00","WTS Softcore ""Legacy of Phrecia""

Yellow Beasts 60 x - 1.5 div   

IGN: @fuldsmadder","",""
"279923082859249664","tommy362","2025-03-29T10:27:10.9850000-05:00","WTS Softcore Legacy of Phrecia 

1~~9 Vivid Vulture---3.8 div each~~
1~~3 Vivid Watcher—2 div each~~
~~33 wild hellion alpha-- 0.6 div each~~
15 wild bristle matron- 0.7 div each

IGN: @MaraudingTuna","",""
"375404320570736651","fifi0782","2025-03-29T10:32:49.1290000-05:00","WTS Softcore Legacy of Phrecia

x23 Vivid Vulture - 3.9 :divine:  each
x8 Vivid Watcher - 1.8 :divine:  each 
x25 Wild Hellion Alpha - 0.6 :divine:  each
x30 Wild Brambleback - 0.2  :divine: each
x10 Wild Bristle Matron - 0.6 :divine: each

IGN : Dziobakowa_kinetycznosc","",""
"279655629252198400","caio5438","2025-03-29T10:49:25.3630000-05:00","WTS Softcore Legacy of Phrecia

4x vivid vulture - 4 :divine: each
4x Craicic Chimera - 0.5 :divine: each
60 yellow beasts - 1.8 :divine: ( 9 set )

IGN : MemeFist","",""
"637708604715171841","0503vincenttt","2025-03-29T11:11:56.9290000-05:00","WTS Softcore Phrecia
12 x Vivid Watcher - 2 :divine:  each
IGN: @世界電競之父_水哥哥","",""
"183985074927173632",".ma1n","2025-03-29T11:26:23.4190000-05:00","WTS Softcore Legacy of Phrecia

Quad STASH of Vivid vulture 4.6 :divine:each
x112 Black  Morrigan - 1.1 :divine:  each
x82 Wild Bristle Matron - 0.7 :divine: each
x107 Craicic Chimeral - 0.6 :divine: each

Average half of beast got  Mod that have  chance to not consume

IGN: @Ldtmf_PalaLink","",""
"411531642423869463","bre4che","2025-03-29T11:59:54.6370000-05:00","WTS Softcore Legacy of Phrecia

x6 Vivid vulture-  3.5 :divine: each
IGN: arrowtrykboc","",""
"111277030867279872",".pizzaking","2025-03-29T12:08:54.2630000-05:00","WTS Softcore Legacy of Phrecia

x20 Vivid Vulture - 3.5 div each 
x8 Vivid Watcher - 240c each
x3 Black Morrigan - 125c each 
x15 Wild Bristle Matron - 80c each
 
IGN:
OshabiDaughter","",""
"405722028843466752","buocvoi","2025-03-29T12:37:13.1700000-05:00","WTS Softcore ""Legacy of Phrecia""


16+   Black Morrigan     - 0.9 :divine: / each

8+   Vivid Vulture                     4 :divine: 
12+   Vivid Watcher                   1.9 :divine: 
IGN: chuonchuonlatenlua","",""
"1052177843292995584","dylfue","2025-03-29T12:40:22.0820000-05:00","WTS Softcore ""Legacy of Phrecia""

100+   Wild Hellion Alpha           0.6 :divine: 
100+   Wild Bristle Matron         0.8 :divine: 
100+   Wild Brambleback           0.2 :divine: 
100+   Vivid Vulture                     4 :divine: 
100+   Vivid Watcher                   1.8 :divine: 

IGN: wickin","",""
"251786928205201411","mujinel","2025-03-29T12:43:12.2110000-05:00","WTS Softcore ""Legacy of Phrecia""

 60 x Yellow Beasts - 2 :divine:   (stock:3)

IGN: @KongJinel","",""
"865933907283148841","ml5990","2025-03-29T12:50:02.8060000-05:00","WTS Softcore Legacy of Phrecia

x12        Craicic Chimeral   - 0.45 :divine: / each
x52        Black Morrigan     - 1.0 :divine: / each
~~x42        Vivid Watcher        - 1.8 :divine: / each~~
~~x48        Vivid Vulture          - 4.0 :divine: / each~~

IGN: @MLLucky","",""
"299620702007459842","bunsen3034","2025-03-29T12:52:22.6950000-05:00","WTS Softcore Legacy of Phrecia 1 :divine: = 155 :chaos:

🟡  36 Sets Yellow Beasts - 2 :divine: per 60
Exalted Service Provider - Fast and easy Trade in your Menagerie if you want.

IGN: @BunsenLS WTB Yellow Beasts","",""
"221988571299446785","juliooneto","2025-03-29T13:08:18.0450000-05:00","WTS Softcore Legacy of Phrecia

x4 Vivid Vulture -  3.5  :divine:  each
~~x2 Wild Bristle Matron - 0.7 :divine: each~~
x8 Wild Brambleback - 0.25 :divine:  each
x6 Wild Hellion Alpha - 0.6 :divine:   each

IGN: @PinguimdoLinux","",""
"986219841327357982","stevefrommarketing1914","2025-03-29T13:08:18.5550000-05:00","WTS Softcore Legacy of Phrecia

x4 Vivid Vulture -   4div each
x4 Vivid watcher -  1.9 :divine: each
x4 Wild Brambleback  0.2 :divine: each
x10 Wild Bristle Matron - 0.9 :divine: each
x60 yellow beasts - 2 div 


IGN: @Phre_BnTy","",""
"694161273411076096","dhkhang06","2025-03-29T13:17:48.9560000-05:00","WTS Softcore Legacy of Phrecia

~~x38   Vivid Watcher - 1.8 :divine: each~~
x134 Craicic Chimeral - 0.5 :divine: each
x24   Wild Hellion Alpha - 0.6  :divine:  each
x7      Wild Brambleback - 30 :chaos:  each

IGN: @BigMustangComing","",""
"105752464891899904","cocuchasama","2025-03-29T13:35:19.1990000-05:00","WTS Softcore Legacy of Phrecia

60x Yellow beasts - 2 :divine: Div
5x  Craicic Chimeral - 0.5 :divine: Div each

IGN: @UberCocucha","",""
"533986873853476889",".iampoison.","2025-03-29T13:47:18.7280000-05:00","WTS Softcore Legacy of Phrecia

x21 Vivid Vulture - 4 :divine: each  - 84 div for all
x14 Vivid Watcher - 2 :divine: each - 28 div for all 
x10 Wild Hellion Alpha - 0.7 :divine: each - 7 div  for all 
x4 Wild Brambleback - 0.3 :divine: each - 2,4 div  for all 
x2 Craicic Chimeral - 0.5 div each - 1 div for all 

IGN: @LunaArmourBot","",""
"398558849616838656","bishopen","2025-03-29T13:53:57.5350000-05:00","WTS Softcore ""Legacy of Phrecia""

Yellow Beasts 60 x 2 :divine: each set 

IGN: @InTheBishop","",""
"639150845862084608","long6127","2025-03-29T14:35:07.7980000-05:00","WTS Softcore ""Legacy of Phrecia""

36 x Black Morrigan - 1 :divine:each
23 x Vivid Watcher - 2 :divine:each
32 x Craicic Chimera - 0.5 :divine:each
150 x Wild Brambleback 0.2 divine each
52 x  Wild Bristle Matron - 0.7 :divine:each
20 x Wild Hellion Alpha - 0.7 :divine:each

IGN: @TNLDA","",""
"241297940726022144","moon.g","2025-03-29T14:51:12.3480000-05:00","WTS Softcore Legacy of Phrecia

x7 ***Vivid Vulture*** -  4  :divine:  each
x25 ***Vivid Watcher*** - 2  :divine:   each 
x10  Wild Hellion Alpha - 0.7 :divine:  each
x40 Wild Brambleback - 0.3  div each
x60 Wild Bristle Matron - 0.75 :divine: each
x25 Craicic Chimeral  - 0.75 :divine: each
 
IGN: 
```
@OK_SANCTUM Buying BEASTS```","",""
"300277467048837120","nexor1397","2025-03-29T15:39:14.9160000-05:00","WTS Softcore Legacy of Phrecia
Yellow Beasts 60 x - 2 :divine:  (9 sets)
IGN: @FLICKINGMAVENFEET","",""
"332594718846222340","ms13228","2025-03-29T15:45:08.0280000-05:00","WTS Softcore Legacy of Phrecia
x60 Vivid Watcher - 2 :divine: each
x66 Vivid vulture-  4 :divine: each 
IGN: AFreaknec","",""
"437518918450675723","ibbanez","2025-03-29T15:48:09.4840000-05:00","WTS Softcore Phrecia

`80 x Vivid Vulture        `- 4 :divine: each / = 240 + 80 Div
`57 x Wild Bristle Matron  `- 0.8 :divine: each / = 45,6
`12 x Wild Hellion Alpha   `- 0.7  :divine: each / = 8,4

IGN:
`@Berghein Hi I want to buy your beasts: `","",""
"1083628460699824138","danjora","2025-03-29T16:01:16.9190000-05:00","WTS Softcore ""Legacy of Phrecia""

DM discord if interested 

~~x63 Vivid Vulture  - 1.5d each~~
~~x46 Vivid Watcher - 1.3d each~~
~~x40 Wild Bristle Matron - 0.6d each~~
x313 Wild Hellion Alpha - 0.7d each
x300+ Wild Brambleback - 0.3d each
x300+ Primal Cystcaller - 0.2d each
~~x4 Craicic Chimeral - 0.3d each~~","",""
"295380638142300180","leozeratul","2025-03-29T16:04:51.2090000-05:00","wts softcore legacy of phrecia

60 yellow beasts - 1.5 :divine:  20 sets left ready to go

ign: @BACK_TO_CRIME_SCENE","",""
"289559295178047489","beedo","2025-03-29T16:05:08.2460000-05:00","WTS Softcore Phrecia

79x Craicic Chimeral - 0.6 :divine: each or 45 :divine: for all

✅  - Still available
IGN: SanctumBadMappingGood","",""
"824473995595874304","jannerkl4078","2025-03-29T16:08:05.3880000-05:00","WTS Softcore Legacy of Phrecia

x98 Vivid Watcher - 1.8 :divine: each
x82 Vivid Vulture - 3.9 :divine: each

IGN: gomezzz","",""
"824051706504544277","mallard4233","2025-03-29T16:10:11.7560000-05:00","WTS Softcore ""Legacy of Phrecia""

85    Wild Bristle Matron     0.8 :divine: each
181     Wild Brambleback        .2 :divine: each
305   Black Morrigan                 .9 :divine:  each
IGN: @howamipooragain","",""
"119960334218952705","birdy1346","2025-03-29T16:26:16.3560000-05:00","WTS Softcore Phrecia

x116  Black Morrigan - 1div/ea
~~x40 Craicic Chimeral - 0,5 div/ea~~
x53 Vivid Vulture - 4div/ea
x60 Wild Bristle Matron - 0,7 div/ea
x66 Wild Hellion Alpha - 0,7 div/ea
x40 Wild Brambleback - 0,2 div/ea
x18 Vivid Watcher - 1,8div/ea

IGN: @CountTess","",""
"236182555282505729","crella_emporium","2025-03-29T16:26:49.8730000-05:00","WTS Softcore Legacy of Phrecia

x60 Yellow beast - 2 :divine:  - 5+ in stock
IGN: crella_flick","",""
"456982306070986753","kirinkaijin","2025-03-29T16:30:49.4010000-05:00","WTS Softcore Legacy of Phrecia
~~20 x Black Morrigan - 1 diveach~~
x4 Vivid Vulture - 4 :divine: ea
10 x Wild Hellion Alpha - 0.7div each
60x yellow beasts - 2 Div (6 stocks)
x10 Wild Bristle Matron - 0.8div  each
IGN: @KibeticBolt","",""
"195999010396307457","kyutess","2025-03-29T16:37:06.9770000-05:00","WTS Softcore
 
x4 Vivid Vulture - 3.3 :divine: each 

@Paladoxed","",""
"435064941251133472",".amrah","2025-03-29T16:44:58.6630000-05:00","WTS Softcore
IGN: pxms

x184 Vivid Vulture - 4d each","",""
"895202062755844126","ntt2427","2025-03-29T16:59:59.3320000-05:00","WTS Softcore Legacy of Phrecia
~~x44 Vivid Vulture -   3.9 :divine:each~~
x88 Vivid Watcher - 1.8 :divine:each
x6 Wild Hellion Alpha - 0.7  :divine:  each
x6 Wild Bristle Matron - 0.7 :divine:each
x66 Wild Brambleback - 0.2D each
~~x168 Craicic Chimeral - 0.5 :divine: each~~
x37 Black Morrigan - 0.9d  each


IGN: ntantai","",""
"498529061404934148","matheus_silva89","2025-03-29T17:00:06.7670000-05:00","WTS Phrecia

 60 x Yellow Beasts - 2 div - Set 2

IGN @Carolina_IV","",""
"690857805594492948","kilroy222","2025-03-29T17:07:00.9770000-05:00","WTS Softcore ""Legacy of Phrecia""

 63x Vivid Vulture-  3,9 :divine:  each 

x16 Black Morrigan - 0.9 :divine: each

x12 Vivid Watcher - 1.8 :divine: each

IGN: @ManaforgedKronk","",""
"423536523506352139","molot15","2025-03-29T17:25:59.3340000-05:00","WTS Softcore Legacy of Phrecia                        
                        
x11    Vivid vulture    4    Div/each    If you buy them all at once:    42    Div
x22    Vivid Watcher    2    Div/each    If you buy them all at once:    42    Div
                        
IGN: WizardCold                        
If I don't make a request to the group right away, it means I'm currently trading with another buyer. I'll respond within a minute.","",""
"208477143242375169","draxius211","2025-03-29T17:26:23.0600000-05:00","WTS SOFTCORE

~~Craicic Chimeral  0.5 div each    x15~~

IGN: @SSDrax","",""
"53373844332744704","mubbsy","2025-03-29T17:30:10.6650000-05:00","WTS Softcore Legacy of Phrecia

Yellow Beasts x60 - 1.8 :divine: (or 6 sets for 10 :divine:) (13 sets total) 

IGN: @MetaManaMubbs  Hi I want to buy your yellow beasts","",""
"807357715110297641","ritozangetsus","2025-03-29T17:36:46.1570000-05:00","WTS Softcore ""Legacy of Phrecia""

 60 x Yellow Beasts - 2 :divine:   (Stock: 30 sets)

IGN: @RitoSupp","",""
"738631439867969638","tonypham.198x","2025-03-29T17:41:36.4130000-05:00","~~WTS Softcore Legacy of Phrecia

60x yellow beasts - 2 :divine:  (8 stocks)

IGN: @Naoiu_RF~~","",""
"433683536000581642","ltlat","2025-03-29T17:43:09.0160000-05:00","WTS Softcore Legacy of Phrecia
x132 Vivid Watcher - 1.7d each
x42 Wild Hellion Alpha - 0.4d each
x108 Craicic Chimeral - 0.5d each
ing: TamLinhTanBao_Phrecia","",""
"200667307851120640","havdengabriel","2025-03-29T17:45:35.2660000-05:00","WTS Softcore Legacy of Phrecia
Yellow Beasts 60 x - 2 :divine:  (21 sets)
IGN: @FishermanYouCantFish","",""
"1095171344737509516","zinad15","2025-03-29T17:46:43.8870000-05:00","WTS Softcore ""Legacy of Phrecia""
 ``Stock    Beast Name             Price``
 ``800      Vivid Vulture          4.5``:divine: 
 ``200      Wild Bristle Matron    0.6``:divine:
 ``600      Wild Brambleback       0.2``:divine:
IGN : **Kalcun**
DM discord if im not reply ingame.","",""
"304788047042707477","pdr0402","2025-03-29T17:47:55.2080000-05:00","WTS Softcore Legacy of Phrecia

x15 Vivid Vulture -   3.9 :divine:each
x34 Vivid Watcher - 1.9 :divine:each
x51 Wild Hellion Alpha - 0.7  :divine:each
x54 Wild Bristle Matron - 0.8 :divine:each
x101 Wild Brambleback - 0.3 divine each

YELLOW BEASTS - 2 divine each (4 SETS)

IGN: pedeaar","",""
